domain,source,section,ecosystem,entity,category
alibaba.com,seed,Alibaba Ecosystem,alibaba,Alibaba Group / Ant Group,platform
alibabacloud.com,seed,Alibaba Ecosystem,alibaba,Alibaba Group / Ant Group,platform
alibabacloud.net,seed,Alibaba Ecosystem,alibaba,Alibaba Group / Ant Group,platform
alibabagroup.com,seed,Alibaba Ecosystem,alibaba,Alibaba Group / Ant Group,platform
aliyun.com,seed,Alibaba Ecosystem,alibaba,Alibaba Group / Ant Group,platform
aliyun.cn,seed,Alibaba Ecosystem,alibaba,Alibaba Group / Ant Group,platform
aliyuncs.com,seed,Alibaba Ecosystem,alibaba,Alibaba Group / Ant Group,platform
aliyundrive.com,seed,Alibaba Ecosystem,alibaba,Alibaba Group / Ant Group,platform
alipay.com,seed,Alibaba Ecosystem,alibaba,Alibaba Group / Ant Group,platform
alipay.hk,seed,Alibaba Ecosystem,alibaba,Alibaba Group / Ant Group,platform
alipay.net,seed,Alibaba Ecosystem,alibaba,Alibaba Group / Ant Group,platform
alipayobjects.com,seed,Alibaba Ecosystem,alibaba,Alibaba Group / Ant Group,platform
alipayplus.com,seed,Alibaba Ecosystem,alibaba,Alibaba Group / Ant Group,platform
taobao.com,seed,Alibaba Ecosystem,alibaba,Alibaba Group / Ant Group,platform
taobao.net,seed,Alibaba Ecosystem,alibaba,Alibaba Group / Ant Group,platform
tmall.com,seed,Alibaba Ecosystem,alibaba,Alibaba Group / Ant Group,platform
tmall.hk,seed,Alibaba Ecosystem,alibaba,Alibaba Group / Ant Group,platform
1688.com,seed,Alibaba Ecosystem,alibaba,Alibaba Group / Ant Group,platform
antgroup.com,seed,Alibaba Ecosystem,alibaba,Alibaba Group / Ant Group,platform
dingtalk.com,seed,Alibaba Ecosystem,alibaba,Alibaba Group / Ant Group,platform
amap.com,seed,Alibaba Ecosystem,alibaba,Alibaba Group / Ant Group,platform
gaode.com,seed,Alibaba Ecosystem,alibaba,Alibaba Group / Ant Group,platform
fliggy.com,seed,Alibaba Ecosystem,alibaba,Alibaba Group / Ant Group,platform
dazhongdianping.com,seed,Alibaba Ecosystem,alibaba,Alibaba Group / Ant Group,platform
umeng.com,seed,Alibaba Ecosystem,alibaba,Alibaba Group / Ant Group,platform
umengcloud.com,seed,Alibaba Ecosystem,alibaba,Alibaba Group / Ant Group,platform
tencent.com,seed,Tencent Ecosystem,tencent,Tencent,platform
tencentcloud.com,seed,Tencent Ecosystem,tencent,Tencent,platform
tencentcloudapi.com,seed,Tencent Ecosystem,tencent,Tencent,platform
tencentcos.com,seed,Tencent Ecosystem,tencent,Tencent,platform
tencentclb.com,seed,Tencent Ecosystem,tencent,Tencent,platform
tencentmusic.com,seed,Tencent Ecosystem,tencent,Tencent,platform
tencentgames.com,seed,Tencent Ecosystem,tencent,Tencent,platform
tencentmeeting.com,seed,Tencent Ecosystem,tencent,Tencent,platform
tencentvideo.com,seed,Tencent Ecosystem,tencent,Tencent,platform
tcloudfamily.com,seed,Tencent Ecosystem,tencent,Tencent,platform
apigwtencent.com,seed,Tencent Ecosystem,tencent,Tencent,platform
servicewechat.com,seed,Tencent Ecosystem,tencent,Tencent,platform
qq.com,seed,Tencent Ecosystem,tencent,Tencent,platform
qqmusic.com,seed,Tencent Ecosystem,tencent,Tencent,platform
foxmail.com,seed,Tencent Ecosystem,tencent,Tencent,platform
weixin.com,seed,Tencent Ecosystem,tencent,Tencent,platform
wechat.com,seed,Tencent Ecosystem,tencent,Tencent,platform
wechatpay.com,seed,Tencent Ecosystem,tencent,Tencent,platform
tenpay.com,seed,Tencent Ecosystem,tencent,Tencent,platform
qcloud.com,seed,Tencent Ecosystem,tencent,Tencent,platform
qpic.cn,seed,Tencent Ecosystem,tencent,Tencent,platform
dnspod.cn,seed,Tencent Ecosystem,tencent,Tencent,platform
dnspod.com,seed,Tencent Ecosystem,tencent,Tencent,platform
baidu.com,seed,Baidu Ecosystem,baidu,Baidu,platform
baidu.mobi,seed,Baidu Ecosystem,baidu,Baidu,platform
baidubce.com,seed,Baidu Ecosystem,baidu,Baidu,platform
baiducloud.com,seed,Baidu Ecosystem,baidu,Baidu,platform
baidupcs.com,seed,Baidu Ecosystem,baidu,Baidu,platform
baidupcs.net,seed,Baidu Ecosystem,baidu,Baidu,platform
baidustatic.com,seed,Baidu Ecosystem,baidu,Baidu,platform
bdstatic.com,seed,Baidu Ecosystem,baidu,Baidu,platform
bdimg.com,seed,Baidu Ecosystem,baidu,Baidu,platform
bcebos.com,seed,Baidu Ecosystem,baidu,Baidu,platform
shifen.com,seed,Baidu Ecosystem,baidu,Baidu,platform
hao123.com,seed,Baidu Ecosystem,baidu,Baidu,platform
iqiyi.com,seed,Baidu Ecosystem,baidu,Baidu,platform
iqiyipic.com,seed,Baidu Ecosystem,baidu,Baidu,platform
qiyi.com,seed,Baidu Ecosystem,baidu,Baidu,platform
qiyipic.com,seed,Baidu Ecosystem,baidu,Baidu,platform
bytedance.com,seed,ByteDance Ecosystem,bytedance,ByteDance,platform
bytedance.net,seed,ByteDance Ecosystem,bytedance,ByteDance,platform
douyin.com,seed,ByteDance Ecosystem,bytedance,ByteDance,platform
douyincdn.com,seed,ByteDance Ecosystem,bytedance,ByteDance,platform
douyinstatic.com,seed,ByteDance Ecosystem,bytedance,ByteDance,platform
douyinvod.com,seed,ByteDance Ecosystem,bytedance,ByteDance,platform
toutiao.com,seed,ByteDance Ecosystem,bytedance,ByteDance,platform
toutiaocloud.com,seed,ByteDance Ecosystem,bytedance,ByteDance,platform
snssdk.com,seed,ByteDance Ecosystem,bytedance,ByteDance,platform
byteimg.com,seed,ByteDance Ecosystem,bytedance,ByteDance,platform
iesdouyin.com,seed,ByteDance Ecosystem,bytedance,ByteDance,platform
iesdouyin.net,seed,ByteDance Ecosystem,bytedance,ByteDance,platform
feishu.cn,seed,ByteDance Ecosystem,bytedance,ByteDance,platform
larkoffice.com,seed,ByteDance Ecosystem,bytedance,ByteDance,platform
volcengine.com,seed,ByteDance Ecosystem,bytedance,ByteDance,platform
volccdn.com,seed,ByteDance Ecosystem,bytedance,ByteDance,platform
jd.com,seed,JD.com Ecosystem,jd,JD.com,platform
jdcloud.com,seed,JD.com Ecosystem,jd,JD.com,platform
jdcloudapi.com,seed,JD.com Ecosystem,jd,JD.com,platform
jdpay.com,seed,JD.com Ecosystem,jd,JD.com,platform
jdpay.com.cn,seed,JD.com Ecosystem,jd,JD.com,platform
jddj.com,seed,JD.com Ecosystem,jd,JD.com,platform
360buy.com,seed,JD.com Ecosystem,jd,JD.com,platform
360buyimg.com,seed,JD.com Ecosystem,jd,JD.com,platform
xiaomi.com,seed,Xiaomi Ecosystem,xiaomi,Xiaomi,consumer_tech
xiaomi.net,seed,Xiaomi Ecosystem,xiaomi,Xiaomi,consumer_tech
mi.com,seed,Xiaomi Ecosystem,xiaomi,Xiaomi,consumer_tech
miui.com,seed,Xiaomi Ecosystem,xiaomi,Xiaomi,consumer_tech
mipush.com,seed,Xiaomi Ecosystem,xiaomi,Xiaomi,consumer_tech
miwifi.com,seed,Xiaomi Ecosystem,xiaomi,Xiaomi,consumer_tech
xiaoai.com,seed,Xiaomi Ecosystem,xiaomi,Xiaomi,consumer_tech
huawei.com,seed,Huawei Ecosystem,huawei,Huawei,cloud_device
huaweicloud.com,seed,Huawei Ecosystem,huawei,Huawei,cloud_device
myhuaweicloud.com,seed,Huawei Ecosystem,huawei,Huawei,cloud_device
hwclouds.com,seed,Huawei Ecosystem,huawei,Huawei,cloud_device
hicloud.com,seed,Huawei Ecosystem,huawei,Huawei,cloud_device
huaweidevice.com,seed,Huawei Ecosystem,huawei,Huawei,cloud_device
vmall.com,seed,Huawei Ecosystem,huawei,Huawei,cloud_device
dbankcloud.com,seed,Huawei Ecosystem,huawei,Huawei,cloud_device
obs.cn-north-1.myhuaweicloud.com,seed,Huawei Ecosystem,huawei,Huawei,cloud_device
oppo.com,seed,Consumer Devices,consumer-devices,Multi-brand,consumer_device
vivo.com,seed,Consumer Devices,consumer-devices,Multi-brand,consumer_device
meizu.com,seed,Consumer Devices,consumer-devices,Multi-brand,consumer_device
oneplus.com,seed,Consumer Devices,consumer-devices,Multi-brand,consumer_device
realme.com,seed,Consumer Devices,consumer-devices,Multi-brand,consumer_device
smartisan.com,seed,Consumer Devices,consumer-devices,Multi-brand,consumer_device
honor.com,seed,Consumer Devices,consumer-devices,Multi-brand,consumer_device
honorchina.com,seed,Consumer Devices,consumer-devices,Multi-brand,consumer_device
pinduoduo.com,seed,Pinduoduo,pinduoduo,Pinduoduo,platform
pinduoduo.net,seed,Pinduoduo,pinduoduo,Pinduoduo,platform
yangkeduo.com,seed,Pinduoduo,pinduoduo,Pinduoduo,platform
pddpic.com,seed,Pinduoduo,pinduoduo,Pinduoduo,platform
ucloud.cn,seed,Cloud & IDC,cloud-idc,Multi-operator,cloud_idc
ksyun.com,seed,Cloud & IDC,cloud-idc,Multi-operator,cloud_idc
ctyun.cn,seed,Cloud & IDC,cloud-idc,Multi-operator,cloud_idc
qingcloud.com,seed,Cloud & IDC,cloud-idc,Multi-operator,cloud_idc
ecloud.10086.cn,seed,Cloud & IDC,cloud-idc,Multi-operator,cloud_idc
cloud.189.cn,seed,Cloud & IDC,cloud-idc,Multi-operator,cloud_idc
21vianet.com,seed,Cloud & IDC,cloud-idc,Multi-operator,cloud_idc
capitalonline.net,seed,Cloud & IDC,cloud-idc,Multi-operator,cloud_idc
capitalonline.com.cn,seed,Cloud & IDC,cloud-idc,Multi-operator,cloud_idc
wangsu.com,seed,CDN & Storage,cdn-storage,Multi-provider,cdn_storage
wangsucloud.com,seed,CDN & Storage,cdn-storage,Multi-provider,cdn_storage
wangsucloudcdn.com,seed,CDN & Storage,cdn-storage,Multi-provider,cdn_storage
chinanetcenter.com,seed,CDN & Storage,cdn-storage,Multi-provider,cdn_storage
baishancloud.com,seed,CDN & Storage,cdn-storage,Multi-provider,cdn_storage
chinacache.com,seed,CDN & Storage,cdn-storage,Multi-provider,cdn_storage
dnion.com,seed,CDN & Storage,cdn-storage,Multi-provider,cdn_storage
qiniu.com,seed,CDN & Storage,cdn-storage,Multi-provider,cdn_storage
qiniucdn.com,seed,CDN & Storage,cdn-storage,Multi-provider,cdn_storage
upyun.com,seed,CDN & Storage,cdn-storage,Multi-provider,cdn_storage
upaiyun.com,seed,CDN & Storage,cdn-storage,Multi-provider,cdn_storage
alidns.com,seed,DNS & Domain,dns-domain,Multi-provider,dns_domain
xinnet.com,seed,DNS & Domain,dns-domain,Multi-provider,dns_domain
west.cn,seed,DNS & Domain,dns-domain,Multi-provider,dns_domain
dns.com.cn,seed,DNS & Domain,dns-domain,Multi-provider,dns_domain
dns.la,seed,DNS & Domain,dns-domain,Multi-provider,dns_domain
chinamobile.com,seed,Telecom & Backbone,telecom-backbone,National Backbone,telecom_backbone
cmcc.com,seed,Telecom & Backbone,telecom-backbone,National Backbone,telecom_backbone
10086.cn,seed,Telecom & Backbone,telecom-backbone,National Backbone,telecom_backbone
chinaunicom.com,seed,Telecom & Backbone,telecom-backbone,National Backbone,telecom_backbone
chinaunicom.cn,seed,Telecom & Backbone,telecom-backbone,National Backbone,telecom_backbone
10010.com,seed,Telecom & Backbone,telecom-backbone,National Backbone,telecom_backbone
chinatelecom.com.cn,seed,Telecom & Backbone,telecom-backbone,National Backbone,telecom_backbone
chinatelecom.cn,seed,Telecom & Backbone,telecom-backbone,National Backbone,telecom_backbone
10000.com,seed,Telecom & Backbone,telecom-backbone,National Backbone,telecom_backbone
189.cn,seed,Telecom & Backbone,telecom-backbone,National Backbone,telecom_backbone
cbn.cn,seed,Telecom & Backbone,telecom-backbone,National Backbone,telecom_backbone
cernet.edu.cn,seed,Telecom & Backbone,telecom-backbone,National Backbone,telecom_backbone
cstnet.cn,seed,Telecom & Backbone,telecom-backbone,National Backbone,telecom_backbone
caict.ac.cn,seed,Telecom & Backbone,telecom-backbone,National Backbone,telecom_backbone
360.cn,seed,Security & Network Equipment,security-network,Multi-vendor,security_network
360safe.com,seed,Security & Network Equipment,security-network,Multi-vendor,security_network
nsfocus.com,seed,Security & Network Equipment,security-network,Multi-vendor,security_network
venustech.com.cn,seed,Security & Network Equipment,security-network,Multi-vendor,security_network
dbappsecurity.com.cn,seed,Security & Network Equipment,security-network,Multi-vendor,security_network
knownsec.com,seed,Security & Network Equipment,security-network,Multi-vendor,security_network
hikvision.com,seed,Security & Network Equipment,security-network,Multi-vendor,security_network
dahua.com.cn,seed,Security & Network Equipment,security-network,Multi-vendor,security_network
uniview.com,seed,Security & Network Equipment,security-network,Multi-vendor,security_network
kedacom.com,seed,Security & Network Equipment,security-network,Multi-vendor,security_network
sensetime.com,seed,Security & Network Equipment,security-network,Multi-vendor,security_network
megvii.com,seed,Security & Network Equipment,security-network,Multi-vendor,security_network
h3c.com,seed,Security & Network Equipment,security-network,Multi-vendor,security_network
inspur.com,seed,Security & Network Equipment,security-network,Multi-vendor,security_network
zte.com.cn,seed,Security & Network Equipment,security-network,Multi-vendor,security_network
fiberhome.com,seed,Security & Network Equipment,security-network,Multi-vendor,security_network
ruijie.com.cn,seed,Security & Network Equipment,security-network,Multi-vendor,security_network
tenda.com.cn,seed,Security & Network Equipment,security-network,Multi-vendor,security_network
gitee.com,seed,Developer Platforms,developer-platforms,Multi-platform,developer_platform
coding.net,seed,Developer Platforms,developer-platforms,Multi-platform,developer_platform
csdn.net,seed,Developer Platforms,developer-platforms,Multi-platform,developer_platform
oschina.net,seed,Developer Platforms,developer-platforms,Multi-platform,developer_platform
gov.cn,seed,Central Government,government-cn,PRC Central Government,government
www.gov.cn,seed,Central Government,government-cn,PRC Central Government,government
miit.gov.cn,seed,Central Government,government-cn,PRC Central Government,government
mps.gov.cn,seed,Central Government,government-cn,PRC Central Government,government
mfa.gov.cn,seed,Central Government,government-cn,PRC Central Government,government
moe.gov.cn,seed,Central Government,government-cn,PRC Central Government,government
mof.gov.cn,seed,Central Government,government-cn,PRC Central Government,government
customs.gov.cn,seed,Central Government,government-cn,PRC Central Government,government
samr.gov.cn,seed,Central Government,government-cn,PRC Central Government,government
mohurd.gov.cn,seed,Central Government,government-cn,PRC Central Government,government
mot.gov.cn,seed,Central Government,government-cn,PRC Central Government,government
mwr.gov.cn,seed,Central Government,government-cn,PRC Central Government,government
mnr.gov.cn,seed,Central Government,government-cn,PRC Central Government,government
mee.gov.cn,seed,Central Government,government-cn,PRC Central Government,government
nha.gov.cn,seed,Central Government,government-cn,PRC Central Government,government
mohrss.gov.cn,seed,Central Government,government-cn,PRC Central Government,government
mca.gov.cn,seed,Central Government,government-cn,PRC Central Government,government
court.gov.cn,seed,Central Government,government-cn,PRC Central Government,government
spp.gov.cn,seed,Central Government,government-cn,PRC Central Government,government
npc.gov.cn,seed,Central Government,government-cn,PRC Central Government,government
cppcc.gov.cn,seed,Central Government,government-cn,PRC Central Government,government
ndrc.gov.cn,seed,Central Government,government-cn,PRC Central Government,government
nea.gov.cn,seed,Central Government,government-cn,PRC Central Government,government
nia.gov.cn,seed,Central Government,government-cn,PRC Central Government,government
caac.gov.cn,seed,Central Government,government-cn,PRC Central Government,government
msa.gov.cn,seed,Central Government,government-cn,PRC Central Government,government
cnta.gov.cn,seed,Central Government,government-cn,PRC Central Government,government
sfda.gov.cn,seed,Central Government,government-cn,PRC Central Government,government
charity.gov.cn,seed,Central Government,government-cn,PRC Central Government,government
12333.gov.cn,seed,Central Government,government-cn,PRC Central Government,government
12366.gov.cn,seed,Central Government,government-cn,PRC Central Government,government
12315.gov.cn,seed,Central Government,government-cn,PRC Central Government,government
12315.cn,seed,Central Government,government-cn,PRC Central Government,government
12345.gov.cn,seed,Central Government,government-cn,PRC Central Government,government
chinatax.gov.cn,seed,Central Government,government-cn,PRC Central Government,government
etax.chinatax.gov.cn,seed,Central Government,government-cn,PRC Central Government,government
gsxt.gov.cn,seed,Central Government,government-cn,PRC Central Government,government
creditchina.gov.cn,seed,Central Government,government-cn,PRC Central Government,government
beijing.gov.cn,seed,Provincial Government,unknown,Unknown,uncategorized
shanghai.gov.cn,seed,Provincial Government,unknown,Unknown,uncategorized
guangdong.gov.cn,seed,Provincial Government,unknown,Unknown,uncategorized
jiangsu.gov.cn,seed,Provincial Government,unknown,Unknown,uncategorized
zhejiang.gov.cn,seed,Provincial Government,unknown,Unknown,uncategorized
shandong.gov.cn,seed,Provincial Government,unknown,Unknown,uncategorized
henan.gov.cn,seed,Provincial Government,unknown,Unknown,uncategorized
sichuan.gov.cn,seed,Provincial Government,unknown,Unknown,uncategorized
hubei.gov.cn,seed,Provincial Government,unknown,Unknown,uncategorized
hunan.gov.cn,seed,Provincial Government,unknown,Unknown,uncategorized
fujian.gov.cn,seed,Provincial Government,unknown,Unknown,uncategorized
hebei.gov.cn,seed,Provincial Government,unknown,Unknown,uncategorized
shanxi.gov.cn,seed,Provincial Government,unknown,Unknown,uncategorized
liaoning.gov.cn,seed,Provincial Government,unknown,Unknown,uncategorized
jilin.gov.cn,seed,Provincial Government,unknown,Unknown,uncategorized
heilongjiang.gov.cn,seed,Provincial Government,unknown,Unknown,uncategorized
anhui.gov.cn,seed,Provincial Government,unknown,Unknown,uncategorized
jiangxi.gov.cn,seed,Provincial Government,unknown,Unknown,uncategorized
guangxi.gov.cn,seed,Provincial Government,unknown,Unknown,uncategorized
yunnan.gov.cn,seed,Provincial Government,unknown,Unknown,uncategorized
guizhou.gov.cn,seed,Provincial Government,unknown,Unknown,uncategorized
shaanxi.gov.cn,seed,Provincial Government,unknown,Unknown,uncategorized
gansu.gov.cn,seed,Provincial Government,unknown,Unknown,uncategorized
qinghai.gov.cn,seed,Provincial Government,unknown,Unknown,uncategorized
hainan.gov.cn,seed,Provincial Government,unknown,Unknown,uncategorized
nmg.gov.cn,seed,Provincial Government,unknown,Unknown,uncategorized
xj.gov.cn,seed,Provincial Government,unknown,Unknown,uncategorized
xizang.gov.cn,seed,Provincial Government,unknown,Unknown,uncategorized
nx.gov.cn,seed,Provincial Government,unknown,Unknown,uncategorized
chongqing.gov.cn,seed,Provincial Government,unknown,Unknown,uncategorized
tianjin.gov.cn,seed,Provincial Government,unknown,Unknown,uncategorized
yiwu.gov.cn,seed,Provincial Government,unknown,Unknown,uncategorized
liuyang.gov.cn,seed,Provincial Government,unknown,Unknown,uncategorized
unionpay.com,seed,Finance & Banking,finance-banking,Multi-institution,finance
unionpayintl.com,seed,Finance & Banking,finance-banking,Multi-institution,finance
95516.com,seed,Finance & Banking,finance-banking,Multi-institution,finance
netsunion.com,seed,Finance & Banking,finance-banking,Multi-institution,finance
nucc.com.cn,seed,Finance & Banking,finance-banking,Multi-institution,finance
icbc.com,seed,Finance & Banking,finance-banking,Multi-institution,finance
icbc.com.cn,seed,Finance & Banking,finance-banking,Multi-institution,finance
boc.cn,seed,Finance & Banking,finance-banking,Multi-institution,finance
bankofchina.com,seed,Finance & Banking,finance-banking,Multi-institution,finance
ccb.com,seed,Finance & Banking,finance-banking,Multi-institution,finance
ccb.com.cn,seed,Finance & Banking,finance-banking,Multi-institution,finance
abchina.com,seed,Finance & Banking,finance-banking,Multi-institution,finance
bankcomm.com,seed,Finance & Banking,finance-banking,Multi-institution,finance
psbc.com,seed,Finance & Banking,finance-banking,Multi-institution,finance
cmbchina.com,seed,Finance & Banking,finance-banking,Multi-institution,finance
cebbank.com,seed,Finance & Banking,finance-banking,Multi-institution,finance
cmbc.com.cn,seed,Finance & Banking,finance-banking,Multi-institution,finance
cib.com.cn,seed,Finance & Banking,finance-banking,Multi-institution,finance
spdb.com.cn,seed,Finance & Banking,finance-banking,Multi-institution,finance
pingan.com,seed,Finance & Banking,finance-banking,Multi-institution,finance
citicbank.com,seed,Finance & Banking,finance-banking,Multi-institution,finance
ecitic.com,seed,Finance & Banking,finance-banking,Multi-institution,finance
pbc.gov.cn,seed,Finance & Banking,finance-banking,Multi-institution,finance
safe.gov.cn,seed,Finance & Banking,finance-banking,Multi-institution,finance
csrc.gov.cn,seed,Finance & Banking,finance-banking,Multi-institution,finance
cbirc.gov.cn,seed,Finance & Banking,finance-banking,Multi-institution,finance
nssf.gov.cn,seed,Finance & Banking,finance-banking,Multi-institution,finance
sse.com.cn,seed,Capital Markets,unknown,Unknown,uncategorized
szse.cn,seed,Capital Markets,unknown,Unknown,uncategorized
shfe.com.cn,seed,Capital Markets,unknown,Unknown,uncategorized
dce.com.cn,seed,Capital Markets,unknown,Unknown,uncategorized
czce.com.cn,seed,Capital Markets,unknown,Unknown,uncategorized
cffex.com.cn,seed,Capital Markets,unknown,Unknown,uncategorized
chinaclear.cn,seed,Capital Markets,unknown,Unknown,uncategorized
chinaclearing.com.cn,seed,Capital Markets,unknown,Unknown,uncategorized
cnaps.com.cn,seed,Capital Markets,unknown,Unknown,uncategorized
cfets.com.cn,seed,Capital Markets,unknown,Unknown,uncategorized
chinamoney.com.cn,seed,Capital Markets,unknown,Unknown,uncategorized
chinabond.com.cn,seed,Capital Markets,unknown,Unknown,uncategorized
chinabond.gov.cn,seed,Capital Markets,unknown,Unknown,uncategorized
eastmoney.com,seed,Capital Markets,unknown,Unknown,uncategorized
10jqka.com.cn,seed,Capital Markets,unknown,Unknown,uncategorized
hexun.com,seed,Capital Markets,unknown,Unknown,uncategorized
chinaamc.com,seed,Fund & Securities,unknown,Unknown,uncategorized
efund.com.cn,seed,Fund & Securities,unknown,Unknown,uncategorized
bosera.com,seed,Fund & Securities,unknown,Unknown,uncategorized
harvest.com.cn,seed,Fund & Securities,unknown,Unknown,uncategorized
castfund.com,seed,Fund & Securities,unknown,Unknown,uncategorized
fullgoal.com.cn,seed,Fund & Securities,unknown,Unknown,uncategorized
icbcfund.com,seed,Fund & Securities,unknown,Unknown,uncategorized
gfzq.com.cn,seed,Fund & Securities,unknown,Unknown,uncategorized
gjzq.com.cn,seed,Fund & Securities,unknown,Unknown,uncategorized
htsc.com.cn,seed,Fund & Securities,unknown,Unknown,uncategorized
gtja.com,seed,Fund & Securities,unknown,Unknown,uncategorized
guosen.com.cn,seed,Fund & Securities,unknown,Unknown,uncategorized
everbright.com,seed,Fund & Securities,unknown,Unknown,uncategorized
ebscn.com,seed,Fund & Securities,unknown,Unknown,uncategorized
picc.com,seed,Insurance,unknown,Unknown,uncategorized
picc.com.cn,seed,Insurance,unknown,Unknown,uncategorized
cpic.com.cn,seed,Insurance,unknown,Unknown,uncategorized
sinosig.com,seed,Insurance,unknown,Unknown,uncategorized
taikang.com,seed,Insurance,unknown,Unknown,uncategorized
edu.cn,seed,Education & Research,unknown,Unknown,uncategorized
pku.edu.cn,seed,Education & Research,unknown,Unknown,uncategorized
tsinghua.edu.cn,seed,Education & Research,unknown,Unknown,uncategorized
fudan.edu.cn,seed,Education & Research,unknown,Unknown,uncategorized
sjtu.edu.cn,seed,Education & Research,unknown,Unknown,uncategorized
zju.edu.cn,seed,Education & Research,unknown,Unknown,uncategorized
nju.edu.cn,seed,Education & Research,unknown,Unknown,uncategorized
ustc.edu.cn,seed,Education & Research,unknown,Unknown,uncategorized
whu.edu.cn,seed,Education & Research,unknown,Unknown,uncategorized
hust.edu.cn,seed,Education & Research,unknown,Unknown,uncategorized
sysu.edu.cn,seed,Education & Research,unknown,Unknown,uncategorized
hit.edu.cn,seed,Education & Research,unknown,Unknown,uncategorized
tongji.edu.cn,seed,Education & Research,unknown,Unknown,uncategorized
buaa.edu.cn,seed,Education & Research,unknown,Unknown,uncategorized
bit.edu.cn,seed,Education & Research,unknown,Unknown,uncategorized
bnu.edu.cn,seed,Education & Research,unknown,Unknown,uncategorized
ruc.edu.cn,seed,Education & Research,unknown,Unknown,uncategorized
sdu.edu.cn,seed,Education & Research,unknown,Unknown,uncategorized
xjtu.edu.cn,seed,Education & Research,unknown,Unknown,uncategorized
nankai.edu.cn,seed,Education & Research,unknown,Unknown,uncategorized
seu.edu.cn,seed,Education & Research,unknown,Unknown,uncategorized
csu.edu.cn,seed,Education & Research,unknown,Unknown,uncategorized
jlu.edu.cn,seed,Education & Research,unknown,Unknown,uncategorized
dlut.edu.cn,seed,Education & Research,unknown,Unknown,uncategorized
nwpu.edu.cn,seed,Education & Research,unknown,Unknown,uncategorized
scut.edu.cn,seed,Education & Research,unknown,Unknown,uncategorized
cqu.edu.cn,seed,Education & Research,unknown,Unknown,uncategorized
swu.edu.cn,seed,Education & Research,unknown,Unknown,uncategorized
nenu.edu.cn,seed,Education & Research,unknown,Unknown,uncategorized
ecnu.edu.cn,seed,Education & Research,unknown,Unknown,uncategorized
cumt.edu.cn,seed,Education & Research,unknown,Unknown,uncategorized
cufe.edu.cn,seed,Education & Research,unknown,Unknown,uncategorized
uibe.edu.cn,seed,Education & Research,unknown,Unknown,uncategorized
bfsu.edu.cn,seed,Education & Research,unknown,Unknown,uncategorized
bjmu.edu.cn,seed,Education & Research,unknown,Unknown,uncategorized
cnki.net,seed,Education & Research,unknown,Unknown,uncategorized
wanfangdata.com.cn,seed,Education & Research,unknown,Unknown,uncategorized
chsi.com.cn,seed,Education & Research,unknown,Unknown,uncategorized
xuexi.cn,seed,Education & Research,unknown,Unknown,uncategorized
nhc.gov.cn,seed,Healthcare & Pharma,unknown,Unknown,uncategorized
nmpa.gov.cn,seed,Healthcare & Pharma,unknown,Unknown,uncategorized
chinacdc.cn,seed,Healthcare & Pharma,unknown,Unknown,uncategorized
pumch.cn,seed,Healthcare & Pharma,unknown,Unknown,uncategorized
guahao.com,seed,Healthcare & Pharma,unknown,Unknown,uncategorized
haodf.com,seed,Healthcare & Pharma,unknown,Unknown,uncategorized
dxy.cn,seed,Healthcare & Pharma,unknown,Unknown,uncategorized
sinopharm.com,seed,Healthcare & Pharma,unknown,Unknown,uncategorized
cspc.com.cn,seed,Healthcare & Pharma,unknown,Unknown,uncategorized
tongrentang.com,seed,Healthcare & Pharma,unknown,Unknown,uncategorized
yunnan-baiyao.com,seed,Healthcare & Pharma,unknown,Unknown,uncategorized
yunnanbaiyao.com,seed,Healthcare & Pharma,unknown,Unknown,uncategorized
tasly.com,seed,Healthcare & Pharma,unknown,Unknown,uncategorized
kelun.com,seed,Healthcare & Pharma,unknown,Unknown,uncategorized
crpharm.com,seed,Healthcare & Pharma,unknown,Unknown,uncategorized
harbinpharma.com,seed,Healthcare & Pharma,unknown,Unknown,uncategorized
humanwell.com,seed,Healthcare & Pharma,unknown,Unknown,uncategorized
xinhuanet.com,seed,State Media,unknown,Unknown,uncategorized
xinhua.org,seed,State Media,unknown,Unknown,uncategorized
people.com.cn,seed,State Media,unknown,Unknown,uncategorized
cctv.com,seed,State Media,unknown,Unknown,uncategorized
cgtn.com,seed,State Media,unknown,Unknown,uncategorized
cri.cn,seed,State Media,unknown,Unknown,uncategorized
china.com.cn,seed,State Media,unknown,Unknown,uncategorized
chinadaily.com.cn,seed,State Media,unknown,Unknown,uncategorized
rmrb.com.cn,seed,State Media,unknown,Unknown,uncategorized
gmw.cn,seed,State Media,unknown,Unknown,uncategorized
cnr.cn,seed,State Media,unknown,Unknown,uncategorized
thepaper.cn,seed,State Media,unknown,Unknown,uncategorized
caixin.com,seed,State Media,unknown,Unknown,uncategorized
yicai.com,seed,State Media,unknown,Unknown,uncategorized
21jingji.com,seed,State Media,unknown,Unknown,uncategorized
weibo.com,seed,Social & Video,unknown,Unknown,uncategorized
weibo.cn,seed,Social & Video,unknown,Unknown,uncategorized
zhihu.com,seed,Social & Video,unknown,Unknown,uncategorized
bilibili.com,seed,Social & Video,unknown,Unknown,uncategorized
bilibili.net,seed,Social & Video,unknown,Unknown,uncategorized
bilibili.tv,seed,Social & Video,unknown,Unknown,uncategorized
xiaohongshu.com,seed,Social & Video,unknown,Unknown,uncategorized
xhscdn.com,seed,Social & Video,unknown,Unknown,uncategorized
kuaishou.com,seed,Social & Video,unknown,Unknown,uncategorized
kuaishoucdn.com,seed,Social & Video,unknown,Unknown,uncategorized
ximalaya.com,seed,Social & Video,unknown,Unknown,uncategorized
douban.com,seed,Social & Video,unknown,Unknown,uncategorized
douban.fm,seed,Social & Video,unknown,Unknown,uncategorized
youku.com,seed,Social & Video,unknown,Unknown,uncategorized
mgtv.com,seed,Social & Video,unknown,Unknown,uncategorized
huya.com,seed,Social & Video,unknown,Unknown,uncategorized
douyu.com,seed,Social & Video,unknown,Unknown,uncategorized
kugou.com,seed,Social & Video,unknown,Unknown,uncategorized
kuwo.cn,seed,Social & Video,unknown,Unknown,uncategorized
ctrip.com,seed,Travel & Transport,unknown,Unknown,uncategorized
qunar.com,seed,Travel & Transport,unknown,Unknown,uncategorized
tuniu.com,seed,Travel & Transport,unknown,Unknown,uncategorized
tongcheng.com,seed,Travel & Transport,unknown,Unknown,uncategorized
mafengwo.cn,seed,Travel & Transport,unknown,Unknown,uncategorized
lvmama.com,seed,Travel & Transport,unknown,Unknown,uncategorized
huazhu.com,seed,Travel & Transport,unknown,Unknown,uncategorized
jinjiang.com,seed,Travel & Transport,unknown,Unknown,uncategorized
shangri-la.com,seed,Travel & Transport,unknown,Unknown,uncategorized
cr12306.cn,seed,Travel & Transport,unknown,Unknown,uncategorized
12306.cn,seed,Travel & Transport,unknown,Unknown,uncategorized
sf-express.com,seed,Travel & Transport,unknown,Unknown,uncategorized
sfbest.com,seed,Travel & Transport,unknown,Unknown,uncategorized
zto.com,seed,Travel & Transport,unknown,Unknown,uncategorized
yto.net.cn,seed,Travel & Transport,unknown,Unknown,uncategorized
sto.com.cn,seed,Travel & Transport,unknown,Unknown,uncategorized
yundaex.com,seed,Travel & Transport,unknown,Unknown,uncategorized
meituan.com,seed,O2O & Local Services,unknown,Unknown,uncategorized
meituan.net,seed,O2O & Local Services,unknown,Unknown,uncategorized
dianping.com,seed,O2O & Local Services,unknown,Unknown,uncategorized
sankuai.com,seed,O2O & Local Services,unknown,Unknown,uncategorized
ele.me,seed,O2O & Local Services,unknown,Unknown,uncategorized
didiglobal.com,seed,O2O & Local Services,unknown,Unknown,uncategorized
vip.com,seed,E-commerce & Retail,unknown,Unknown,uncategorized
dangdang.com,seed,E-commerce & Retail,unknown,Unknown,uncategorized
suning.com,seed,E-commerce & Retail,unknown,Unknown,uncategorized
gome.com.cn,seed,E-commerce & Retail,unknown,Unknown,uncategorized
anjuke.com,seed,E-commerce & Retail,unknown,Unknown,uncategorized
lianjia.com,seed,E-commerce & Retail,unknown,Unknown,uncategorized
58.com,seed,E-commerce & Retail,unknown,Unknown,uncategorized
zhaopin.com,seed,E-commerce & Retail,unknown,Unknown,uncategorized
51job.com,seed,E-commerce & Retail,unknown,Unknown,uncategorized
zhipin.com,seed,E-commerce & Retail,unknown,Unknown,uncategorized
wahaha.com.cn,seed,Consumer Brands - Food & Beverage,unknown,Unknown,uncategorized
nongfushanquan.com,seed,Consumer Brands - Food & Beverage,unknown,Unknown,uncategorized
yili.com,seed,Consumer Brands - Food & Beverage,unknown,Unknown,uncategorized
mengniu.com,seed,Consumer Brands - Food & Beverage,unknown,Unknown,uncategorized
sanyuan.com.cn,seed,Consumer Brands - Food & Beverage,unknown,Unknown,uncategorized
maotai.com,seed,Consumer Brands - Food & Beverage,unknown,Unknown,uncategorized
wuliangye.com,seed,Consumer Brands - Food & Beverage,unknown,Unknown,uncategorized
tsingtao.com,seed,Consumer Brands - Food & Beverage,unknown,Unknown,uncategorized
luckin.cn,seed,Consumer Brands - Food & Beverage,unknown,Unknown,uncategorized
heytea.com,seed,Consumer Brands - Food & Beverage,unknown,Unknown,uncategorized
haidilao.com,seed,Consumer Brands - Food & Beverage,unknown,Unknown,uncategorized
midea.com,seed,Consumer Brands - Appliances,unknown,Unknown,uncategorized
haier.com,seed,Consumer Brands - Appliances,unknown,Unknown,uncategorized
gree.com,seed,Consumer Brands - Appliances,unknown,Unknown,uncategorized
hisense.com,seed,Consumer Brands - Appliances,unknown,Unknown,uncategorized
tcl.com,seed,Consumer Brands - Appliances,unknown,Unknown,uncategorized
changhong.com,seed,Consumer Brands - Appliances,unknown,Unknown,uncategorized
konka.com,seed,Consumer Brands - Appliances,unknown,Unknown,uncategorized
robam.com,seed,Consumer Brands - Appliances,unknown,Unknown,uncategorized
fotile.com,seed,Consumer Brands - Appliances,unknown,Unknown,uncategorized
supor.com,seed,Consumer Brands - Appliances,unknown,Unknown,uncategorized
joyoung.com,seed,Consumer Brands - Appliances,unknown,Unknown,uncategorized
ecovacs.com,seed,Consumer Brands - Appliances,unknown,Unknown,uncategorized
roborock.com,seed,Consumer Brands - Appliances,unknown,Unknown,uncategorized
dreame.com,seed,Consumer Brands - Appliances,unknown,Unknown,uncategorized
anta.com,seed,Consumer Brands - Apparel,unknown,Unknown,uncategorized
lining.com,seed,Consumer Brands - Apparel,unknown,Unknown,uncategorized
bosideng.com,seed,Consumer Brands - Apparel,unknown,Unknown,uncategorized
youngor.com,seed,Consumer Brands - Apparel,unknown,Unknown,uncategorized
septwolves.com,seed,Consumer Brands - Apparel,unknown,Unknown,uncategorized
erdos.com,seed,Consumer Brands - Apparel,unknown,Unknown,uncategorized
byd.com,seed,Auto & EV,unknown,Unknown,uncategorized
bydauto.com.cn,seed,Auto & EV,unknown,Unknown,uncategorized
geely.com,seed,Auto & EV,unknown,Unknown,uncategorized
nio.cn,seed,Auto & EV,unknown,Unknown,uncategorized
xpeng.com,seed,Auto & EV,unknown,Unknown,uncategorized
greatwall.com.cn,seed,Auto & EV,unknown,Unknown,uncategorized
chery.com.cn,seed,Auto & EV,unknown,Unknown,uncategorized
catl.com,seed,Battery & New Energy,unknown,Unknown,uncategorized
sgcc.com.cn,seed,Battery & New Energy,unknown,Unknown,uncategorized
csg.cn,seed,Battery & New Energy,unknown,Unknown,uncategorized
sinopec.com,seed,Battery & New Energy,unknown,Unknown,uncategorized
petrochina.com.cn,seed,Battery & New Energy,unknown,Unknown,uncategorized
cnpc.com.cn,seed,Battery & New Energy,unknown,Unknown,uncategorized
cnooc.com.cn,seed,Battery & New Energy,unknown,Unknown,uncategorized
spic.com.cn,seed,Battery & New Energy,unknown,Unknown,uncategorized
cnnc.com.cn,seed,Battery & New Energy,unknown,Unknown,uncategorized
cgnpc.com.cn,seed,Battery & New Energy,unknown,Unknown,uncategorized
crrc.com.cn,seed,Manufacturing & Industry,unknown,Unknown,uncategorized
xcmg.com,seed,Manufacturing & Industry,unknown,Unknown,uncategorized
sany.com.cn,seed,Manufacturing & Industry,unknown,Unknown,uncategorized
cssc.net,seed,Manufacturing & Industry,unknown,Unknown,uncategorized
baosteel.com,seed,Manufacturing & Industry,unknown,Unknown,uncategorized
foxconn.com,seed,Manufacturing & Industry,unknown,Unknown,uncategorized
dji.com,seed,Manufacturing & Industry,unknown,Unknown,uncategorized
chowtaifook.com,seed,Jewelry & Tea,unknown,Unknown,uncategorized
chow-tai-fook.com,seed,Jewelry & Tea,unknown,Unknown,uncategorized
laofengxiang.com,seed,Jewelry & Tea,unknown,Unknown,uncategorized
laofeng.com,seed,Jewelry & Tea,unknown,Unknown,uncategorized
darry.com,seed,Jewelry & Tea,unknown,Unknown,uncategorized
ngtc.com.cn,seed,Jewelry & Tea,unknown,Unknown,uncategorized
gic.org.cn,seed,Jewelry & Tea,unknown,Unknown,uncategorized
tenfu.com,seed,Jewelry & Tea,unknown,Unknown,uncategorized
dahongpao.com.cn,seed,Jewelry & Tea,unknown,Unknown,uncategorized
tieguanyin.com.cn,seed,Jewelry & Tea,unknown,Unknown,uncategorized
longjingtea.com,seed,Jewelry & Tea,unknown,Unknown,uncategorized
wuyitea.com,seed,Jewelry & Tea,unknown,Unknown,uncategorized
dayi.com,seed,Jewelry & Tea,unknown,Unknown,uncategorized
vanke.com,seed,Real Estate,unknown,Unknown,uncategorized
longfor.com,seed,Real Estate,unknown,Unknown,uncategorized
greenland-group.com,seed,Real Estate,unknown,Unknown,uncategorized
poly-real-estate.com.cn,seed,Real Estate,unknown,Unknown,uncategorized
beike.com,seed,Real Estate,unknown,Unknown,uncategorized
tianyancha.com,seed,Business Intelligence,unknown,Unknown,uncategorized
qcc.com,seed,Business Intelligence,unknown,Unknown,uncategorized
126.com,seed,Additional brand ecosystem domains,unknown,Unknown,uncategorized
163.com,seed,Additional brand ecosystem domains,unknown,Unknown,uncategorized
163yun.com,seed,Additional brand ecosystem domains,unknown,Unknown,uncategorized
netease.com,seed,Additional brand ecosystem domains,unknown,Unknown,uncategorized
yeah.net,seed,Additional brand ecosystem domains,unknown,Unknown,uncategorized
sina.com,seed,Additional brand ecosystem domains,unknown,Unknown,uncategorized
sina.com.cn,seed,Additional brand ecosystem domains,unknown,Unknown,uncategorized
sinaimg.cn,seed,Additional brand ecosystem domains,unknown,Unknown,uncategorized
sinaimgfx.com,seed,Additional brand ecosystem domains,unknown,Unknown,uncategorized
sinajs.cn,seed,Additional brand ecosystem domains,unknown,Unknown,uncategorized
weibocdn.com,seed,Additional brand ecosystem domains,unknown,Unknown,uncategorized
alicdn.com,seed,Additional brand ecosystem domains,unknown,Unknown,uncategorized
alicdngslb.com,seed,Additional brand ecosystem domains,unknown,Unknown,uncategorized
aliyun-inc.com,seed,Additional brand ecosystem domains,unknown,Unknown,uncategorized
ant.design,seed,Additional brand ecosystem domains,unknown,Unknown,uncategorized
appgallery.cloud,seed,Additional brand ecosystem domains,unknown,Unknown,uncategorized
acgvideo.com,seed,Additional brand ecosystem domains,unknown,Unknown,uncategorized
biliapi.com,seed,Additional brand ecosystem domains,unknown,Unknown,uncategorized
bilicomic.com,seed,Additional brand ecosystem domains,unknown,Unknown,uncategorized
bilicomics.com,seed,Additional brand ecosystem domains,unknown,Unknown,uncategorized
biligame.com,seed,Additional brand ecosystem domains,unknown,Unknown,uncategorized
biligame.net,seed,Additional brand ecosystem domains,unknown,Unknown,uncategorized
hdslb.com,seed,Additional brand ecosystem domains,unknown,Unknown,uncategorized
gifshow.com,seed,Additional brand ecosystem domains,unknown,Unknown,uncategorized
ksapisrv.com,seed,Additional brand ecosystem domains,unknown,Unknown,uncategorized
ixigua.com,seed,Additional brand ecosystem domains,unknown,Unknown,uncategorized
larksuite.com,seed,Additional brand ecosystem domains,unknown,Unknown,uncategorized
meituanmaicai.com,seed,Additional brand ecosystem domains,unknown,Unknown,uncategorized
mi-img.com,seed,Additional brand ecosystem domains,unknown,Unknown,uncategorized
mihoyo.com,seed,Additional brand ecosystem domains,unknown,Unknown,uncategorized
mihoyogame.com,seed,Additional brand ecosystem domains,unknown,Unknown,uncategorized
mybank.cn,seed,Additional brand ecosystem domains,unknown,Unknown,uncategorized
qianfan.cloud,seed,Additional brand ecosystem domains,unknown,Unknown,uncategorized
qiyukf.com,seed,Additional brand ecosystem domains,unknown,Unknown,uncategorized
qq.net,seed,Additional brand ecosystem domains,unknown,Unknown,uncategorized
tencent-cloud.com,seed,Additional brand ecosystem domains,unknown,Unknown,uncategorized
tencent-cloud.net,seed,Additional brand ecosystem domains,unknown,Unknown,uncategorized
tencent.net,seed,Additional brand ecosystem domains,unknown,Unknown,uncategorized
tmallgenie.com,seed,Additional brand ecosystem domains,unknown,Unknown,uncategorized
wenxin.cloud,seed,Additional brand ecosystem domains,unknown,Unknown,uncategorized
xhslink.com,seed,Additional brand ecosystem domains,unknown,Unknown,uncategorized
zhimg.com,seed,Additional brand ecosystem domains,unknown,Unknown,uncategorized
jd.hk,seed,Additional brand ecosystem domains,unknown,Unknown,uncategorized
jdcdn.com,seed,Additional brand ecosystem domains,unknown,Unknown,uncategorized
jdl.com,seed,Additional brand ecosystem domains,unknown,Unknown,uncategorized
djicreator.com,seed,Additional brand ecosystem domains,unknown,Unknown,uncategorized
djistatic.com,seed,Additional brand ecosystem domains,unknown,Unknown,uncategorized
114la.com,extended,Unsectioned,unknown,Unknown,uncategorized
120ask.com,extended,Unsectioned,unknown,Unknown,uncategorized
139.com,extended,Unsectioned,unknown,Unknown,uncategorized
17173.com,extended,Unsectioned,unknown,Unknown,uncategorized
188.com,extended,Unsectioned,unknown,Unknown,uncategorized
1905.com,extended,Unsectioned,unknown,Unknown,uncategorized
21cn.com,extended,Unsectioned,unknown,Unknown,uncategorized
2345.com,extended,Unsectioned,unknown,Unknown,uncategorized
263.com,extended,Unsectioned,unknown,Unknown,uncategorized
263.net,extended,Unsectioned,unknown,Unknown,uncategorized
360game.com,extended,Unsectioned,unknown,Unknown,uncategorized
360jie.com,extended,Unsectioned,unknown,Unknown,uncategorized
361sport.com,extended,Unsectioned,unknown,Unknown,uncategorized
37wan.com,extended,Unsectioned,unknown,Unknown,uncategorized
39.net,extended,Unsectioned,unknown,Unknown,uncategorized
4399.com,extended,Unsectioned,unknown,Unknown,uncategorized
51credit.com,extended,Unsectioned,unknown,Unknown,uncategorized
5sing.com,extended,Unsectioned,unknown,Unknown,uncategorized
7daysinn.com.cn,extended,Unsectioned,unknown,Unknown,uncategorized
7fresh.com,extended,Unsectioned,unknown,Unknown,uncategorized
7k7k.com,extended,Unsectioned,unknown,Unknown,uncategorized
9377.com,extended,Unsectioned,unknown,Unknown,uncategorized
9game.cn,extended,Unsectioned,unknown,Unknown,uncategorized
abb.com.cn,extended,Unsectioned,unknown,Unknown,uncategorized
abcfund.com,extended,Unsectioned,unknown,Unknown,uncategorized
admincdn.com,extended,Unsectioned,unknown,Unknown,uncategorized
ahrcu.com,extended,Unsectioned,unknown,Unknown,uncategorized
aictrust.com,extended,Unsectioned,unknown,Unknown,uncategorized
aiqicha.com,extended,Unsectioned,unknown,Unknown,uncategorized
alicdn.net,extended,Unsectioned,unknown,Unknown,uncategorized
alicdn.org,extended,Unsectioned,unknown,Unknown,uncategorized
alimama.com,extended,Unsectioned,unknown,Unknown,uncategorized
alitrip.com,extended,Unsectioned,unknown,Unknown,uncategorized
amac.org.cn,extended,Unsectioned,unknown,Unknown,uncategorized
amazon.cn,extended,Unsectioned,unknown,Unknown,uncategorized
amec.com.cn,extended,Unsectioned,unknown,Unknown,uncategorized
angelgroup.com.cn,extended,Unsectioned,unknown,Unknown,uncategorized
anjoyfood.com,extended,Unsectioned,unknown,Unknown,uncategorized
ansteel.com.cn,extended,Unsectioned,unknown,Unknown,uncategorized
anzhenhosp.com.cn,extended,Unsectioned,unknown,Unknown,uncategorized
aoyou.com,extended,Unsectioned,unknown,Unknown,uncategorized
appgame.com,extended,Unsectioned,unknown,Unknown,uncategorized
asd.cn,extended,Unsectioned,unknown,Unknown,uncategorized
autelrobotics.com,extended,Unsectioned,unknown,Unknown,uncategorized
autohome.com.cn,extended,Unsectioned,unknown,Unknown,uncategorized
autonavi.com,extended,Unsectioned,unknown,Unknown,uncategorized
baic.com.cn,extended,Unsectioned,unknown,Unknown,uncategorized
baifubao.com,extended,Unsectioned,unknown,Unknown,uncategorized
baishancdn.com,extended,Unsectioned,unknown,Unknown,uncategorized
baixiang.com,extended,Unsectioned,unknown,Unknown,uncategorized
baixing.com,extended,Unsectioned,unknown,Unknown,uncategorized
bankofbeijing.com.cn,extended,Unsectioned,unknown,Unknown,uncategorized
bankofdl.com,extended,Unsectioned,unknown,Unknown,uncategorized
bankofqd.com,extended,Unsectioned,unknown,Unknown,uncategorized
bankofshanghai.com.cn,extended,Unsectioned,unknown,Unknown,uncategorized
bceg.com.cn,extended,Unsectioned,unknown,Unknown,uncategorized
bear-electric.com,extended,Unsectioned,unknown,Unknown,uncategorized
beingmate.com,extended,Unsectioned,unknown,Unknown,uncategorized
beisen.com,extended,Unsectioned,unknown,Unknown,uncategorized
benlai.com,extended,Unsectioned,unknown,Unknown,uncategorized
bestore.com,extended,Unsectioned,unknown,Unknown,uncategorized
bestv.com.cn,extended,Unsectioned,unknown,Unknown,uncategorized
bilivideo.com,extended,Unsectioned,unknown,Unknown,uncategorized
biohyalux.com,extended,Unsectioned,unknown,Unknown,uncategorized
biostime.com.cn,extended,Unsectioned,unknown,Unknown,uncategorized
bitauto.com,extended,Unsectioned,unknown,Unknown,uncategorized
bjnews.com.cn,extended,Unsectioned,unknown,Unknown,uncategorized
bocd.com.cn,extended,Unsectioned,unknown,Unknown,uncategorized
bocfund.com,extended,Unsectioned,unknown,Unknown,uncategorized
boloni.com.cn,extended,Unsectioned,unknown,Unknown,uncategorized
bona.com,extended,Unsectioned,unknown,Unknown,uncategorized
bosc.cn,extended,Unsectioned,unknown,Unknown,uncategorized
bosch-home.com.cn,extended,Unsectioned,unknown,Unknown,uncategorized
boss.com,extended,Unsectioned,unknown,Unknown,uncategorized
bossfund.com,extended,Unsectioned,unknown,Unknown,uncategorized
brilliance.net.cn,extended,Unsectioned,unknown,Unknown,uncategorized
bse.cn,extended,Unsectioned,unknown,Unknown,uncategorized
bthotels.com,extended,Unsectioned,unknown,Unknown,uncategorized
cainiao-inc.com,extended,Unsectioned,unknown,Unknown,uncategorized
cainiao.com,extended,Unsectioned,unknown,Unknown,uncategorized
caissa.com.cn,extended,Unsectioned,unknown,Unknown,uncategorized
caitongfund.com,extended,Unsectioned,unknown,Unknown,uncategorized
calb-tech.com,extended,Unsectioned,unknown,Unknown,uncategorized
camel.com.cn,extended,Unsectioned,unknown,Unknown,uncategorized
caocao.com.cn,extended,Unsectioned,unknown,Unknown,uncategorized
capcut.com,extended,Unsectioned,unknown,Unknown,uncategorized
casarte.com,extended,Unsectioned,unknown,Unknown,uncategorized
cbex.com.cn,extended,Unsectioned,unknown,Unknown,uncategorized
ccbfund.com,extended,Unsectioned,unknown,Unknown,uncategorized
cccc.com.cn,extended,Unsectioned,unknown,Unknown,uncategorized
ccfund.com.cn,extended,Unsectioned,unknown,Unknown,uncategorized
ccic-net.com.cn,extended,Unsectioned,unknown,Unknown,uncategorized
cde.org.cn,extended,Unsectioned,unknown,Unknown,uncategorized
cdn20.com,extended,Unsectioned,unknown,Unknown,uncategorized
cdntips.com,extended,Unsectioned,unknown,Unknown,uncategorized
cdrcbank.com,extended,Unsectioned,unknown,Unknown,uncategorized
cfc.org.cn,extended,Unsectioned,unknown,Unknown,uncategorized
cfgc.cn,extended,Unsectioned,unknown,Unknown,uncategorized
cfmmc.com,extended,Unsectioned,unknown,Unknown,uncategorized
cfsi.com.cn,extended,Unsectioned,unknown,Unknown,uncategorized
cfund.com.cn,extended,Unsectioned,unknown,Unknown,uncategorized
cgbchina.com.cn,extended,Unsectioned,unknown,Unknown,uncategorized
cgv.cn,extended,Unsectioned,unknown,Unknown,uncategorized
chabaidao.com,extended,Unsectioned,unknown,Unknown,uncategorized
chando.com.cn,extended,Unsectioned,unknown,Unknown,uncategorized
changan.com.cn,extended,Unsectioned,unknown,Unknown,uncategorized
changba.com,extended,Unsectioned,unknown,Unknown,uncategorized
changhai.org,extended,Unsectioned,unknown,Unknown,uncategorized
changyou.com,extended,Unsectioned,unknown,Unknown,uncategorized
che168.com,extended,Unsectioned,unknown,Unknown,uncategorized
childrenshospital.org.cn,extended,Unsectioned,unknown,Unknown,uncategorized
china.com,extended,Unsectioned,unknown,Unknown,uncategorized
chinafilm.com,extended,Unsectioned,unknown,Unknown,uncategorized
chinahighlights.com,extended,Unsectioned,unknown,Unknown,uncategorized
chinasilk.com,extended,Unsectioned,unknown,Unknown,uncategorized
chinastock.com,extended,Unsectioned,unknown,Unknown,uncategorized
chinatour.com,extended,Unsectioned,unknown,Unknown,uncategorized
cille.cn,extended,Unsectioned,unknown,Unknown,uncategorized
citic-fund.com,extended,Unsectioned,unknown,Unknown,uncategorized
citic-trust.com,extended,Unsectioned,unknown,Unknown,uncategorized
cits.com.cn,extended,Unsectioned,unknown,Unknown,uncategorized
cloudxns.net,extended,Unsectioned,unknown,Unknown,uncategorized
cmecloud.cn,extended,Unsectioned,unknown,Unknown,uncategorized
cmfchina.com,extended,Unsectioned,unknown,Unknown,uncategorized
cninfo.com.cn,extended,Unsectioned,unknown,Unknown,uncategorized
cnstock.com,extended,Unsectioned,unknown,Unknown,uncategorized
cntic.com.cn,extended,Unsectioned,unknown,Unknown,uncategorized
coconutpalm.com.cn,extended,Unsectioned,unknown,Unknown,uncategorized
conba.com.cn,extended,Unsectioned,unknown,Unknown,uncategorized
cosco.com.cn,extended,Unsectioned,unknown,Unknown,uncategorized
coscoshipping.com,extended,Unsectioned,unknown,Unknown,uncategorized
cqrcb.com,extended,Unsectioned,unknown,Unknown,uncategorized
cqvip.com,extended,Unsectioned,unknown,Unknown,uncategorized
cr-land.com,extended,Unsectioned,unknown,Unknown,uncategorized
crcbank.com,extended,Unsectioned,unknown,Unknown,uncategorized
crcc.cn,extended,Unsectioned,unknown,Unknown,uncategorized
crecg.com,extended,Unsectioned,unknown,Unknown,uncategorized
creditease.cn,extended,Unsectioned,unknown,Unknown,uncategorized
cs.com.cn,extended,Unsectioned,unknown,Unknown,uncategorized
cscec.com,extended,Unsectioned,unknown,Unknown,uncategorized
csic.com.cn,extended,Unsectioned,unknown,Unknown,uncategorized
csindex.com.cn,extended,Unsectioned,unknown,Unknown,uncategorized
ctgtravel.com.cn,extended,Unsectioned,unknown,Unknown,uncategorized
cts.com.cn,extended,Unsectioned,unknown,Unknown,uncategorized
ctsho.com,extended,Unsectioned,unknown,Unknown,uncategorized
cyts.cn,extended,Unsectioned,unknown,Unknown,uncategorized
czbank.com,extended,Unsectioned,unknown,Unknown,uncategorized
dafund.com,extended,Unsectioned,unknown,Unknown,uncategorized
dahe.cn,extended,Unsectioned,unknown,Unknown,uncategorized
dali-foods.com,extended,Unsectioned,unknown,Unknown,uncategorized
daohang.com,extended,Unsectioned,unknown,Unknown,uncategorized
daoxiangcun.com,extended,Unsectioned,unknown,Unknown,uncategorized
daphne.com.cn,extended,Unsectioned,unknown,Unknown,uncategorized
deerma.com,extended,Unsectioned,unknown,Unknown,uncategorized
diditaxi.com.cn,extended,Unsectioned,unknown,Unknown,uncategorized
ditan.org.cn,extended,Unsectioned,unknown,Unknown,uncategorized
dnsapi.cn,extended,Unsectioned,unknown,Unknown,uncategorized
dnsv1.com,extended,Unsectioned,unknown,Unknown,uncategorized
dongchedi.com,extended,Unsectioned,unknown,Unknown,uncategorized
dongfeng.com.cn,extended,Unsectioned,unknown,Unknown,uncategorized
dragonfly.fm,extended,Unsectioned,unknown,Unknown,uncategorized
duowan.com,extended,Unsectioned,unknown,Unknown,uncategorized
duxiu.com,extended,Unsectioned,unknown,Unknown,uncategorized
dyson.com.cn,extended,Unsectioned,unknown,Unknown,uncategorized
dzwww.com,extended,Unsectioned,unknown,Unknown,uncategorized
eastday.com,extended,Unsectioned,unknown,Unknown,uncategorized
eetrip.com,extended,Unsectioned,unknown,Unknown,uncategorized
electrolux.com.cn,extended,Unsectioned,unknown,Unknown,uncategorized
elong.com,extended,Unsectioned,unknown,Unknown,uncategorized
emerson.com.cn,extended,Unsectioned,unknown,Unknown,uncategorized
enlight.com.cn,extended,Unsectioned,unknown,Unknown,uncategorized
enn.cn,extended,Unsectioned,unknown,Unknown,uncategorized
erke.com,extended,Unsectioned,unknown,Unknown,uncategorized
etao.com,extended,Unsectioned,unknown,Unknown,uncategorized
evebattery.com,extended,Unsectioned,unknown,Unknown,uncategorized
familydoctor.com.cn,extended,Unsectioned,unknown,Unknown,uncategorized
fang.com,extended,Unsectioned,unknown,Unknown,uncategorized
fanuc.com.cn,extended,Unsectioned,unknown,Unknown,uncategorized
fastcdn.com,extended,Unsectioned,unknown,Unknown,uncategorized
faw.com.cn,extended,Unsectioned,unknown,Unknown,uncategorized
feihe.com,extended,Unsectioned,unknown,Unknown,uncategorized
fiyta.com,extended,Unsectioned,unknown,Unknown,uncategorized
forgame.com,extended,Unsectioned,unknown,Unknown,uncategorized
foshanlighting.com,extended,Unsectioned,unknown,Unknown,uncategorized
foton.com,extended,Unsectioned,unknown,Unknown,uncategorized
freshhema.com,extended,Unsectioned,unknown,Unknown,uncategorized
gac.com.cn,extended,Unsectioned,unknown,Unknown,uncategorized
ganfeng.com,extended,Unsectioned,unknown,Unknown,uncategorized
ganji.com,extended,Unsectioned,unknown,Unknown,uncategorized
gatorade.com.cn,extended,Unsectioned,unknown,Unknown,uncategorized
gds-services.com,extended,Unsectioned,unknown,Unknown,uncategorized
geetest.com,extended,Unsectioned,unknown,Unknown,uncategorized
gemdale.com,extended,Unsectioned,unknown,Unknown,uncategorized
gewara.com,extended,Unsectioned,unknown,Unknown,uncategorized
gitcode.com,extended,Unsectioned,unknown,Unknown,uncategorized
goldlion.com.cn,extended,Unsectioned,unknown,Unknown,uncategorized
gotion.com.cn,extended,Unsectioned,unknown,Unknown,uncategorized
gotoshanghai.com,extended,Unsectioned,unknown,Unknown,uncategorized
goubuli.com,extended,Unsectioned,unknown,Unknown,uncategorized
grcbank.com,extended,Unsectioned,unknown,Unknown,uncategorized
growingio.com,extended,Unsectioned,unknown,Unknown,uncategorized
gsrcu.com,extended,Unsectioned,unknown,Unknown,uncategorized
gtimg.cn,extended,Unsectioned,unknown,Unknown,uncategorized
guangming.com.cn,extended,Unsectioned,unknown,Unknown,uncategorized
guazi.com,extended,Unsectioned,unknown,Unknown,uncategorized
guizhou-moutai.com,extended,Unsectioned,unknown,Unknown,uncategorized
guotaifund.com,extended,Unsectioned,unknown,Unknown,uncategorized
gxrcu.com,extended,Unsectioned,unknown,Unknown,uncategorized
gzbank.com.cn,extended,Unsectioned,unknown,Unknown,uncategorized
gzrcu.com,extended,Unsectioned,unknown,Unknown,uncategorized
haday.com.cn,extended,Unsectioned,unknown,Unknown,uncategorized
haers.com,extended,Unsectioned,unknown,Unknown,uncategorized
hanting.com,extended,Unsectioned,unknown,Unknown,uncategorized
haval.com.cn,extended,Unsectioned,unknown,Unknown,uncategorized
hbbank.com.cn,extended,Unsectioned,unknown,Unknown,uncategorized
hengdian.com,extended,Unsectioned,unknown,Unknown,uncategorized
herborist.com.cn,extended,Unsectioned,unknown,Unknown,uncategorized
higer.com.cn,extended,Unsectioned,unknown,Unknown,uncategorized
hjsilk.com.cn,extended,Unsectioned,unknown,Unknown,uncategorized
hkbchina.com,extended,Unsectioned,unknown,Unknown,uncategorized
homeinns.com,extended,Unsectioned,unknown,Unknown,uncategorized
homelink.com.cn,extended,Unsectioned,unknown,Unknown,uncategorized
honeywell.com.cn,extended,Unsectioned,unknown,Unknown,uncategorized
hotata.com,extended,Unsectioned,unknown,Unknown,uncategorized
huiyuan.com,extended,Unsectioned,unknown,Unknown,uncategorized
hxb.com.cn,extended,Unsectioned,unknown,Unknown,uncategorized
ibishotels.com.cn,extended,Unsectioned,unknown,Unknown,uncategorized
idqqimg.com,extended,Unsectioned,unknown,Unknown,uncategorized
igg.com,extended,Unsectioned,unknown,Unknown,uncategorized
inoherb.com.cn,extended,Unsectioned,unknown,Unknown,uncategorized
invesco.com.cn,extended,Unsectioned,unknown,Unknown,uncategorized
irobot.com.cn,extended,Unsectioned,unknown,Unknown,uncategorized
itc.cn,extended,Unsectioned,unknown,Unknown,uncategorized
jac.com.cn,extended,Unsectioned,unknown,Unknown,uncategorized
jdb.cn,extended,Unsectioned,unknown,Unknown,uncategorized
jfdaily.com,extended,Unsectioned,unknown,Unknown,uncategorized
jianlibao.com,extended,Unsectioned,unknown,Unknown,uncategorized
jlrcu.com,extended,Unsectioned,unknown,Unknown,uncategorized
jmc.com.cn,extended,Unsectioned,unknown,Unknown,uncategorized
jointown.com,extended,Unsectioned,unknown,Unknown,uncategorized
jomodns.com,extended,Unsectioned,unknown,Unknown,uncategorized
jouav.com,extended,Unsectioned,unknown,Unknown,uncategorized
jrj.com.cn,extended,Unsectioned,unknown,Unknown,uncategorized
jsbank.com.cn,extended,Unsectioned,unknown,Unknown,uncategorized
juewei.cn,extended,Unsectioned,unknown,Unknown,uncategorized
jumei.com,extended,Unsectioned,unknown,Unknown,uncategorized
junlebao.com,extended,Unsectioned,unknown,Unknown,uncategorized
jxnews.com.cn,extended,Unsectioned,unknown,Unknown,uncategorized
kans.cn,extended,Unsectioned,unknown,Unknown,uncategorized
kaola.com,extended,Unsectioned,unknown,Unknown,uncategorized
ke.com,extended,Unsectioned,unknown,Unknown,uncategorized
kinglong.com.cn,extended,Unsectioned,unknown,Unknown,uncategorized
kongzhong.com,extended,Unsectioned,unknown,Unknown,uncategorized
koubei.com,extended,Unsectioned,unknown,Unknown,uncategorized
kpc.com.cn,extended,Unsectioned,unknown,Unknown,uncategorized
kuka.com.cn,extended,Unsectioned,unknown,Unknown,uncategorized
kuku.me,extended,Unsectioned,unknown,Unknown,uncategorized
kunlun.com,extended,Unsectioned,unknown,Unknown,uncategorized
laoganma.com,extended,Unsectioned,unknown,Unknown,uncategorized
leader.cn,extended,Unsectioned,unknown,Unknown,uncategorized
leju.com,extended,Unsectioned,unknown,Unknown,uncategorized
lelecha.com,extended,Unsectioned,unknown,Unknown,uncategorized
lexin.com,extended,Unsectioned,unknown,Unknown,uncategorized
lexy.com.cn,extended,Unsectioned,unknown,Unknown,uncategorized
lg.com.cn,extended,Unsectioned,unknown,Unknown,uncategorized
li-auto.com,extended,Unsectioned,unknown,Unknown,uncategorized
liangpinpuzi.com,extended,Unsectioned,unknown,Unknown,uncategorized
licaitong.com,extended,Unsectioned,unknown,Unknown,uncategorized
liepin.com,extended,Unsectioned,unknown,Unknown,uncategorized
limauto.com,extended,Unsectioned,unknown,Unknown,uncategorized
lipton.com.cn,extended,Unsectioned,unknown,Unknown,uncategorized
littleswan.com,extended,Unsectioned,unknown,Unknown,uncategorized
liugong.com,extended,Unsectioned,unknown,Unknown,uncategorized
lizhi.fm,extended,Unsectioned,unknown,Unknown,uncategorized
lnrcu.com,extended,Unsectioned,unknown,Unknown,uncategorized
longzhu.com,extended,Unsectioned,unknown,Unknown,uncategorized
lonking.com,extended,Unsectioned,unknown,Unknown,uncategorized
lotour.com,extended,Unsectioned,unknown,Unknown,uncategorized
lufax.com,extended,Unsectioned,unknown,Unknown,uncategorized
luyuan.cn,extended,Unsectioned,unknown,Unknown,uncategorized
luzhou-laojiao.com.cn,extended,Unsectioned,unknown,Unknown,uncategorized
maitian.com,extended,Unsectioned,unknown,Unknown,uncategorized
maodou.com,extended,Unsectioned,unknown,Unknown,uncategorized
maogeping.com,extended,Unsectioned,unknown,Unknown,uncategorized
maoyan.com,extended,Unsectioned,unknown,Unknown,uncategorized
markor.com,extended,Unsectioned,unknown,Unknown,uncategorized
marubi.cn,extended,Unsectioned,unknown,Unknown,uncategorized
master-kong.com,extended,Unsectioned,unknown,Unknown,uncategorized
masterkong.com.cn,extended,Unsectioned,unknown,Unknown,uncategorized
meicai.cn,extended,Unsectioned,unknown,Unknown,uncategorized
meilishuo.com,extended,Unsectioned,unknown,Unknown,uncategorized
metersbonwe.com,extended,Unsectioned,unknown,Unknown,uncategorized
mi-cdn.com,extended,Unsectioned,unknown,Unknown,uncategorized
migu.cn,extended,Unsectioned,unknown,Unknown,uncategorized
mincdn.com,extended,Unsectioned,unknown,Unknown,uncategorized
mipay.com,extended,Unsectioned,unknown,Unknown,uncategorized
mitsubishielectric.com.cn,extended,Unsectioned,unknown,Unknown,uncategorized
mixue.com,extended,Unsectioned,unknown,Unknown,uncategorized
mizone.com.cn,extended,Unsectioned,unknown,Unknown,uncategorized
mlily.com,extended,Unsectioned,unknown,Unknown,uncategorized
mmstat.com,extended,Unsectioned,unknown,Unknown,uncategorized
mogujie.com,extended,Unsectioned,unknown,Unknown,uncategorized
monster-energy.com.cn,extended,Unsectioned,unknown,Unknown,uncategorized
morphy-richards.com.cn,extended,Unsectioned,unknown,Unknown,uncategorized
mtime.com,extended,Unsectioned,unknown,Unknown,uncategorized
music.163.com,extended,Unsectioned,unknown,Unknown,uncategorized
myapp.com,extended,Unsectioned,unknown,Unknown,uncategorized
nandu.com,extended,Unsectioned,unknown,Unknown,uncategorized
naura.com.cn,extended,Unsectioned,unknown,Unknown,uncategorized
nayuki.com,extended,Unsectioned,unknown,Unknown,uncategorized
nbbank.cn,extended,Unsectioned,unknown,Unknown,uncategorized
neeq.com.cn,extended,Unsectioned,unknown,Unknown,uncategorized
neptunus.com,extended,Unsectioned,unknown,Unknown,uncategorized
nescafe.com.cn,extended,Unsectioned,unknown,Unknown,uncategorized
netcoretec.com,extended,Unsectioned,unknown,Unknown,uncategorized
newhouse.com,extended,Unsectioned,unknown,Unknown,uncategorized
nffund.com,extended,Unsectioned,unknown,Unknown,uncategorized
nmgrcu.com.cn,extended,Unsectioned,unknown,Unknown,uncategorized
nuomi.com,extended,Unsectioned,unknown,Unknown,uncategorized
nvc-lighting.com,extended,Unsectioned,unknown,Unknown,uncategorized
nxbank.com.cn,extended,Unsectioned,unknown,Unknown,uncategorized
oppein.com,extended,Unsectioned,unknown,Unknown,uncategorized
opple.com,extended,Unsectioned,unknown,Unknown,uncategorized
p5w.net,extended,Unsectioned,unknown,Unknown,uncategorized
pa18.com,extended,Unsectioned,unknown,Unknown,uncategorized
pagoda.com.cn,extended,Unsectioned,unknown,Unknown,uncategorized
pak.com.cn,extended,Unsectioned,unknown,Unknown,uncategorized
panasonic.com.cn,extended,Unsectioned,unknown,Unknown,uncategorized
pcauto.com.cn,extended,Unsectioned,unknown,Unknown,uncategorized
pddlive.com,extended,Unsectioned,unknown,Unknown,uncategorized
peacebird.com,extended,Unsectioned,unknown,Unknown,uncategorized
pechoin.com.cn,extended,Unsectioned,unknown,Unknown,uncategorized
penghua.com,extended,Unsectioned,unknown,Unknown,uncategorized
perfectworld.com,extended,Unsectioned,unknown,Unknown,uncategorized
philips.com.cn,extended,Unsectioned,unknown,Unknown,uncategorized
pocari.com.cn,extended,Unsectioned,unknown,Unknown,uncategorized
port.sh.cn,extended,Unsectioned,unknown,Unknown,uncategorized
portshanghai.com,extended,Unsectioned,unknown,Unknown,uncategorized
powerchina.com,extended,Unsectioned,unknown,Unknown,uncategorized
ppdai.com,extended,Unsectioned,unknown,Unknown,uncategorized
pptv.com,extended,Unsectioned,unknown,Unknown,uncategorized
proya.com.cn,extended,Unsectioned,unknown,Unknown,uncategorized
pssfunds.com.cn,extended,Unsectioned,unknown,Unknown,uncategorized
puercn.com,extended,Unsectioned,unknown,Unknown,uncategorized
q-house.cn,extended,Unsectioned,unknown,Unknown,uncategorized
qhimg.com,extended,Unsectioned,unknown,Unknown,uncategorized
qhrcu.com,extended,Unsectioned,unknown,Unknown,uncategorized
qhres.com,extended,Unsectioned,unknown,Unknown,uncategorized
qiaqia.com,extended,Unsectioned,unknown,Unknown,uncategorized
qilu.com,extended,Unsectioned,unknown,Unknown,uncategorized
qingting.fm,extended,Unsectioned,unknown,Unknown,uncategorized
qinyuan.cn,extended,Unsectioned,unknown,Unknown,uncategorized
qixin.com,extended,Unsectioned,unknown,Unknown,uncategorized
qlogo.cn,extended,Unsectioned,unknown,Unknown,uncategorized
qqcdn.com,extended,Unsectioned,unknown,Unknown,uncategorized
qqmail.com,extended,Unsectioned,unknown,Unknown,uncategorized
quanjude.com,extended,Unsectioned,unknown,Unknown,uncategorized
qumei.com,extended,Unsectioned,unknown,Unknown,uncategorized
qzone.com,extended,Unsectioned,unknown,Unknown,uncategorized
redbull.com.cn,extended,Unsectioned,unknown,Unknown,uncategorized
redcross.org.cn,extended,Unsectioned,unknown,Unknown,uncategorized
reddragonfly.com,extended,Unsectioned,unknown,Unknown,uncategorized
rednet.cn,extended,Unsectioned,unknown,Unknown,uncategorized
redstar.com.cn,extended,Unsectioned,unknown,Unknown,uncategorized
renrenche.com,extended,Unsectioned,unknown,Unknown,uncategorized
rockwell.com.cn,extended,Unsectioned,unknown,Unknown,uncategorized
roewe.com.cn,extended,Unsectioned,unknown,Unknown,uncategorized
rong360.com,extended,Unsectioned,unknown,Unknown,uncategorized
ronshen.com,extended,Unsectioned,unknown,Unknown,uncategorized
rossini.com.cn,extended,Unsectioned,unknown,Unknown,uncategorized
ruijin-hospital.com,extended,Unsectioned,unknown,Unknown,uncategorized
ruixingcoffee.com,extended,Unsectioned,unknown,Unknown,uncategorized
sac.net.cn,extended,Unsectioned,unknown,Unknown,uncategorized
saic-gm.com.cn,extended,Unsectioned,unknown,Unknown,uncategorized
saicmotor.com,extended,Unsectioned,unknown,Unknown,uncategorized
samsung.com.cn,extended,Unsectioned,unknown,Unknown,uncategorized
schneider-electric.com.cn,extended,Unsectioned,unknown,Unknown,uncategorized
scol.com.cn,extended,Unsectioned,unknown,Unknown,uncategorized
scrccu.com,extended,Unsectioned,unknown,Unknown,uncategorized
seagullwatch.com,extended,Unsectioned,unknown,Unknown,uncategorized
seasun.com,extended,Unsectioned,unknown,Unknown,uncategorized
semir.com,extended,Unsectioned,unknown,Unknown,uncategorized
sensorsdata.cn,extended,Unsectioned,unknown,Unknown,uncategorized
shantui.com.cn,extended,Unsectioned,unknown,Unknown,uncategorized
shclearing.com,extended,Unsectioned,unknown,Unknown,uncategorized
shengqu.com,extended,Unsectioned,unknown,Unknown,uncategorized
shineway.com.cn,extended,Unsectioned,unknown,Unknown,uncategorized
shjian.com.cn,extended,Unsectioned,unknown,Unknown,uncategorized
shobserver.com,extended,Unsectioned,unknown,Unknown,uncategorized
shuanghui.com,extended,Unsectioned,unknown,Unknown,uncategorized
siemens-home.com.cn,extended,Unsectioned,unknown,Unknown,uncategorized
siemens.com.cn,extended,Unsectioned,unknown,Unknown,uncategorized
sinohydro.com,extended,Unsectioned,unknown,Unknown,uncategorized
smg.cn,extended,Unsectioned,unknown,Unknown,uncategorized
smhc.org.cn,extended,Unsectioned,unknown,Unknown,uncategorized
smic.com.cn,extended,Unsectioned,unknown,Unknown,uncategorized
smzdm.com,extended,Unsectioned,unknown,Unknown,uncategorized
snowbeer.cn,extended,Unsectioned,unknown,Unknown,uncategorized
so.com,extended,Unsectioned,unknown,Unknown,uncategorized
sofun.com,extended,Unsectioned,unknown,Unknown,uncategorized
sogou.com,extended,Unsectioned,unknown,Unknown,uncategorized
sogoucdn.com,extended,Unsectioned,unknown,Unknown,uncategorized
sohu.com,extended,Unsectioned,unknown,Unknown,uncategorized
sohucs.com,extended,Unsectioned,unknown,Unknown,uncategorized
souche.com,extended,Unsectioned,unknown,Unknown,uncategorized
srdrug.com,extended,Unsectioned,unknown,Unknown,uncategorized
srrsh.com,extended,Unsectioned,unknown,Unknown,uncategorized
starbucks.com.cn,extended,Unsectioned,unknown,Unknown,uncategorized
staticfile.net,extended,Unsectioned,unknown,Unknown,uncategorized
staticfile.org,extended,Unsectioned,unknown,Unknown,uncategorized
stcn.com,extended,Unsectioned,unknown,Unknown,uncategorized
stockstar.com,extended,Unsectioned,unknown,Unknown,uncategorized
sunac.com.cn,extended,Unsectioned,unknown,Unknown,uncategorized
sunflower.com.cn,extended,Unsectioned,unknown,Unknown,uncategorized
sunra.com,extended,Unsectioned,unknown,Unknown,uncategorized
sunward.com.cn,extended,Unsectioned,unknown,Unknown,uncategorized
sunwoda.com,extended,Unsectioned,unknown,Unknown,uncategorized
suofeiya.com,extended,Unsectioned,unknown,Unknown,uncategorized
svolt.cn,extended,Unsectioned,unknown,Unknown,uncategorized
synear.cn,extended,Unsectioned,unknown,Unknown,uncategorized
szitic.com,extended,Unsectioned,unknown,Unknown,uncategorized
taetea.com,extended,Unsectioned,unknown,Unknown,uncategorized
tailg.com.cn,extended,Unsectioned,unknown,Unknown,uncategorized
talkingdata.com,extended,Unsectioned,unknown,Unknown,uncategorized
tanx.com,extended,Unsectioned,unknown,Unknown,uncategorized
tao123.com,extended,Unsectioned,unknown,Unknown,uncategorized
taoche.com,extended,Unsectioned,unknown,Unknown,uncategorized
taopiaopiao.com,extended,Unsectioned,unknown,Unknown,uncategorized
tbcache.com,extended,Unsectioned,unknown,Unknown,uncategorized
three-squirrels.com,extended,Unsectioned,unknown,Unknown,uncategorized
tianjinzhongxin.com,extended,Unsectioned,unknown,Unknown,uncategorized
tibettravel.org,extended,Unsectioned,unknown,Unknown,uncategorized
tieba.com,extended,Unsectioned,unknown,Unknown,uncategorized
tineco.com,extended,Unsectioned,unknown,Unknown,uncategorized
tnn.cn,extended,Unsectioned,unknown,Unknown,uncategorized
tom.com,extended,Unsectioned,unknown,Unknown,uncategorized
tongji-hospital.com,extended,Unsectioned,unknown,Unknown,uncategorized
topsec.com.cn,extended,Unsectioned,unknown,Unknown,uncategorized
toshiba.com.cn,extended,Unsectioned,unknown,Unknown,uncategorized
tourismchina.org,extended,Unsectioned,unknown,Unknown,uncategorized
tp-link.com.cn,extended,Unsectioned,unknown,Unknown,uncategorized
truliva.com.cn,extended,Unsectioned,unknown,Unknown,uncategorized
u8.cn,extended,Unsectioned,unknown,Unknown,uncategorized
uni-president.com.cn,extended,Unsectioned,unknown,Unknown,uncategorized
utour.com,extended,Unsectioned,unknown,Unknown,uncategorized
uxin.com,extended,Unsectioned,unknown,Unknown,uncategorized
visitbeijing.com.cn,extended,Unsectioned,unknown,Unknown,uncategorized
vnet.cn,extended,Unsectioned,unknown,Unknown,uncategorized
wanda.com,extended,Unsectioned,unknown,Unknown,uncategorized
wandafilm.com,extended,Unsectioned,unknown,Unknown,uncategorized
wangwang.com.cn,extended,Unsectioned,unknown,Unknown,uncategorized
wegame.com.cn,extended,Unsectioned,unknown,Unknown,uncategorized
weichuan.com,extended,Unsectioned,unknown,Unknown,uncategorized
weiyun.com,extended,Unsectioned,unknown,Unknown,uncategorized
wey.com.cn,extended,Unsectioned,unknown,Unknown,uncategorized
whirlpool.com.cn,extended,Unsectioned,unknown,Unknown,uncategorized
winona.com.cn,extended,Unsectioned,unknown,Unknown,uncategorized
wo.com.cn,extended,Unsectioned,unknown,Unknown,uncategorized
woaiwojia.com,extended,Unsectioned,unknown,Unknown,uncategorized
wostore.cn,extended,Unsectioned,unknown,Unknown,uncategorized
wuba.com,extended,Unsectioned,unknown,Unknown,uncategorized
xcar.com.cn,extended,Unsectioned,unknown,Unknown,uncategorized
xiabu.com,extended,Unsectioned,unknown,Unknown,uncategorized
xiaguan.com.cn,extended,Unsectioned,unknown,Unknown,uncategorized
xiecheng.com,extended,Unsectioned,unknown,Unknown,uncategorized
xinjiangtravel.com,extended,Unsectioned,unknown,Unknown,uncategorized
xjrcu.com,extended,Unsectioned,unknown,Unknown,uncategorized
xtep.com,extended,Unsectioned,unknown,Unknown,uncategorized
xuanwuhospital.com,extended,Unsectioned,unknown,Unknown,uncategorized
xywy.com,extended,Unsectioned,unknown,Unknown,uncategorized
xzrcu.com,extended,Unsectioned,unknown,Unknown,uncategorized
yadea.com.cn,extended,Unsectioned,unknown,Unknown,uncategorized
yanghe.com.cn,extended,Unsectioned,unknown,Unknown,uncategorized
yanjing.com,extended,Unsectioned,unknown,Unknown,uncategorized
yankon.com,extended,Unsectioned,unknown,Unknown,uncategorized
yaskawa.com.cn,extended,Unsectioned,unknown,Unknown,uncategorized
yhd.com,extended,Unsectioned,unknown,Unknown,uncategorized
yiche.com,extended,Unsectioned,unknown,Unknown,uncategorized
yifund.com,extended,Unsectioned,unknown,Unknown,uncategorized
yihaodian.com,extended,Unsectioned,unknown,Unknown,uncategorized
yinyuetai.com,extended,Unsectioned,unknown,Unknown,uncategorized
yirendai.com,extended,Unsectioned,unknown,Unknown,uncategorized
ykimg.com,extended,Unsectioned,unknown,Unknown,uncategorized
ymatou.com,extended,Unsectioned,unknown,Unknown,uncategorized
ynrcu.com,extended,Unsectioned,unknown,Unknown,uncategorized
youdao.com,extended,Unsectioned,unknown,Unknown,uncategorized
yuncha.com,extended,Unsectioned,unknown,Unknown,uncategorized
yurun.com,extended,Unsectioned,unknown,Unknown,uncategorized
yutong.com,extended,Unsectioned,unknown,Unknown,uncategorized
yy.com,extended,Unsectioned,unknown,Unknown,uncategorized
zbbank.com.cn,extended,Unsectioned,unknown,Unknown,uncategorized
zbom.com,extended,Unsectioned,unknown,Unknown,uncategorized
zhanqi.tv,extended,Unsectioned,unknown,Unknown,uncategorized
zhongrong.com,extended,Unsectioned,unknown,Unknown,uncategorized
zhongtong.com.cn,extended,Unsectioned,unknown,Unknown,uncategorized
zhouheiya.com,extended,Unsectioned,unknown,Unknown,uncategorized
ziroom.com,extended,Unsectioned,unknown,Unknown,uncategorized
zjcdn.com,extended,Unsectioned,unknown,Unknown,uncategorized
zoomlion.com,extended,Unsectioned,unknown,Unknown,uncategorized
zs-hospital.sh.cn,extended,Unsectioned,unknown,Unknown,uncategorized
xgimi.net,extended,Supplements from extended.txt,unknown,Unknown,uncategorized
zhimi.com,extended,Supplements from extended.txt,unknown,Unknown,uncategorized
chunmi.com,extended,Supplements from extended.txt,unknown,Unknown,uncategorized
roidmi.com,extended,Supplements from extended.txt,unknown,Unknown,uncategorized
missevan.com,extended,Supplements from extended.txt,unknown,Unknown,uncategorized
jiemian.com,extended,Supplements from extended.txt,unknown,Unknown,uncategorized
baomihua.com,extended,Supplements from extended.txt,unknown,Unknown,uncategorized
hortor-comic.com,extended,Supplements from extended.txt,unknown,Unknown,uncategorized
bianminwang.com,extended,Supplements from extended.txt,unknown,Unknown,uncategorized
missfresh.net,extended,Supplements from extended.txt,unknown,Unknown,uncategorized
sunmi.com,extended,Supplements from extended.txt,unknown,Unknown,uncategorized
usmile.com,extended,Supplements from extended.txt,unknown,Unknown,uncategorized
westlakeomics.com,extended,Supplements from extended.txt,unknown,Unknown,uncategorized
berrygenomics.com,extended,Supplements from extended.txt,unknown,Unknown,uncategorized
grandomics.com,extended,Supplements from extended.txt,unknown,Unknown,uncategorized
omicshare.com,extended,Supplements from extended.txt,unknown,Unknown,uncategorized
omicshare.net,extended,Supplements from extended.txt,unknown,Unknown,uncategorized
mindray.com,extended,Supplements from extended.txt,unknown,Unknown,uncategorized
kimi.com,extended,Supplements from extended.txt,unknown,Unknown,uncategorized
kimi.pub,extended,Supplements from extended.txt,unknown,Unknown,uncategorized
minimaxi.com,extended,Supplements from extended.txt,unknown,Unknown,uncategorized
olami.ai,extended,Supplements from extended.txt,unknown,Unknown,uncategorized
remixai.com,extended,Supplements from extended.txt,unknown,Unknown,uncategorized
spacemit.com,extended,Supplements from extended.txt,unknown,Unknown,uncategorized
neoremind.com,extended,Supplements from extended.txt,unknown,Unknown,uncategorized
yizumi.com,extended,Supplements from extended.txt,unknown,Unknown,uncategorized
10099.com.cn,extended,Additional CN Domains,unknown,Unknown,uncategorized
11467.com,extended,Additional CN Domains,unknown,Unknown,uncategorized
115.com,extended,Additional CN Domains,unknown,Unknown,uncategorized
126.net,extended,Additional CN Domains,unknown,Unknown,uncategorized
163.net,extended,Additional CN Domains,unknown,Unknown,uncategorized
178.com,extended,Additional CN Domains,unknown,Unknown,uncategorized
189mail.com,extended,Additional CN Domains,unknown,Unknown,uncategorized
360.com,extended,Additional CN Domains,unknown,Unknown,uncategorized
360doc.cn,extended,Additional CN Domains,unknown,Unknown,uncategorized
360doc.com,extended,Additional CN Domains,unknown,Unknown,uncategorized
360kan.com,extended,Additional CN Domains,unknown,Unknown,uncategorized
51.la,extended,Additional CN Domains,unknown,Unknown,uncategorized
51cto.com,extended,Additional CN Domains,unknown,Unknown,uncategorized
56.com,extended,Additional CN Domains,unknown,Unknown,uncategorized
58cdn.com.cn,extended,Additional CN Domains,unknown,Unknown,uncategorized
95508.com,extended,Additional CN Domains,unknown,Unknown,uncategorized
95528.com,extended,Additional CN Domains,unknown,Unknown,uncategorized
95533.com,extended,Additional CN Domains,unknown,Unknown,uncategorized
95555.com,extended,Additional CN Domains,unknown,Unknown,uncategorized
95559.com.cn,extended,Additional CN Domains,unknown,Unknown,uncategorized
95566.com,extended,Additional CN Domains,unknown,Unknown,uncategorized
95568.com,extended,Additional CN Domains,unknown,Unknown,uncategorized
95577.cn,extended,Additional CN Domains,unknown,Unknown,uncategorized
95580.cn,extended,Additional CN Domains,unknown,Unknown,uncategorized
95588.com,extended,Additional CN Domains,unknown,Unknown,uncategorized
95595.cn,extended,Additional CN Domains,unknown,Unknown,uncategorized
95599.cn,extended,Additional CN Domains,unknown,Unknown,uncategorized
acfun.cn,extended,Additional CN Domains,unknown,Unknown,uncategorized
aicdn.com,extended,Additional CN Domains,unknown,Unknown,uncategorized
aicoin.com,extended,Additional CN Domains,unknown,Unknown,uncategorized
aipage.com,extended,Additional CN Domains,unknown,Unknown,uncategorized
aizhan.com,extended,Additional CN Domains,unknown,Unknown,uncategorized
alibaba.cn,extended,Additional CN Domains,unknown,Unknown,uncategorized
alibabacloudcdn.com,extended,Additional CN Domains,unknown,Unknown,uncategorized
alicloudccp.com,extended,Additional CN Domains,unknown,Unknown,uncategorized
aliexpress.com,extended,Additional CN Domains,unknown,Unknown,uncategorized
alipaydns.com,extended,Additional CN Domains,unknown,Unknown,uncategorized
aliyuncdn.com,extended,Additional CN Domains,unknown,Unknown,uncategorized
antfin.com,extended,Additional CN Domains,unknown,Unknown,uncategorized
appchina.com,extended,Additional CN Domains,unknown,Unknown,uncategorized
babytree.com,extended,Additional CN Domains,unknown,Unknown,uncategorized
baiducontent.com,extended,Additional CN Domains,unknown,Unknown,uncategorized
baiduimg.com,extended,Additional CN Domains,unknown,Unknown,uncategorized
baidupan.com,extended,Additional CN Domains,unknown,Unknown,uncategorized
beian.gov.cn,extended,Additional CN Domains,unknown,Unknown,uncategorized
biliapi.net,extended,Additional CN Domains,unknown,Unknown,uncategorized
bootcdn.cn,extended,Additional CN Domains,unknown,Unknown,uncategorized
bosszhipin.com,extended,Additional CN Domains,unknown,Unknown,uncategorized
btime.com,extended,Additional CN Domains,unknown,Unknown,uncategorized
bytecdn.cn,extended,Additional CN Domains,unknown,Unknown,uncategorized
byted.org,extended,Additional CN Domains,unknown,Unknown,uncategorized
bytedns.net,extended,Additional CN Domains,unknown,Unknown,uncategorized
camscanner.com,extended,Additional CN Domains,unknown,Unknown,uncategorized
ce.cn,extended,Additional CN Domains,unknown,Unknown,uncategorized
chinanews.com.cn,extended,Additional CN Domains,unknown,Unknown,uncategorized
chinapay.com,extended,Additional CN Domains,unknown,Unknown,uncategorized
chinaz.com,extended,Additional CN Domains,unknown,Unknown,uncategorized
cnbeta.com,extended,Additional CN Domains,unknown,Unknown,uncategorized
cnblogs.com,extended,Additional CN Domains,unknown,Unknown,uncategorized
cncn.com,extended,Additional CN Domains,unknown,Unknown,uncategorized
cnzz.com,extended,Additional CN Domains,unknown,Unknown,uncategorized
coolapk.com,extended,Additional CN Domains,unknown,Unknown,uncategorized
ct10000.com,extended,Additional CN Domains,unknown,Unknown,uncategorized
cup.com.cn,extended,Additional CN Domains,unknown,Unknown,uncategorized
dcdapp.com,extended,Additional CN Domains,unknown,Unknown,uncategorized
didialift.com,extended,Additional CN Domains,unknown,Unknown,uncategorized
docin.com,extended,Additional CN Domains,unknown,Unknown,uncategorized
douguo.com,extended,Additional CN Domains,unknown,Unknown,uncategorized
douyinpic.com,extended,Additional CN Domains,unknown,Unknown,uncategorized
faloo.com,extended,Additional CN Domains,unknown,Unknown,uncategorized
feishu.net,extended,Additional CN Domains,unknown,Unknown,uncategorized
feng.com,extended,Additional CN Domains,unknown,Unknown,uncategorized
fengniao.com,extended,Additional CN Domains,unknown,Unknown,uncategorized
fubonchina.com,extended,Additional CN Domains,unknown,Unknown,uncategorized
fun.tv,extended,Additional CN Domains,unknown,Unknown,uncategorized
greenxf.com,extended,Additional CN Domains,unknown,Unknown,uncategorized
gtimg.com,extended,Additional CN Domains,unknown,Unknown,uncategorized
hongxiu.com,extended,Additional CN Domains,unknown,Unknown,uncategorized
hupu.com,extended,Additional CN Domains,unknown,Unknown,uncategorized
ifeng.com,extended,Additional CN Domains,unknown,Unknown,uncategorized
infzm.com,extended,Additional CN Domains,unknown,Unknown,uncategorized
it168.com,extended,Additional CN Domains,unknown,Unknown,uncategorized
ithome.com,extended,Additional CN Domains,unknown,Unknown,uncategorized
jianshu.com,extended,Additional CN Domains,unknown,Unknown,uncategorized
jiayuan.com,extended,Additional CN Domains,unknown,Unknown,uncategorized
jjwxc.net,extended,Additional CN Domains,unknown,Unknown,uncategorized
juhuasuan.com,extended,Additional CN Domains,unknown,Unknown,uncategorized
kingsoft.com,extended,Additional CN Domains,unknown,Unknown,uncategorized
ksyuncdn.com,extended,Additional CN Domains,unknown,Unknown,uncategorized
lagou.com,extended,Additional CN Domains,unknown,Unknown,uncategorized
letv.com,extended,Additional CN Domains,unknown,Unknown,uncategorized
ly.com,extended,Additional CN Domains,unknown,Unknown,uncategorized
manmankan.com,extended,Additional CN Domains,unknown,Unknown,uncategorized
meitu.com,extended,Additional CN Domains,unknown,Unknown,uncategorized
miaopai.com,extended,Additional CN Domains,unknown,Unknown,uncategorized
mop.com,extended,Additional CN Domains,unknown,Unknown,uncategorized
myqcloud.com,extended,Additional CN Domains,unknown,Unknown,uncategorized
netease.im,extended,Additional CN Domains,unknown,Unknown,uncategorized
ngacn.cc,extended,Additional CN Domains,unknown,Unknown,uncategorized
nowcoder.com,extended,Additional CN Domains,unknown,Unknown,uncategorized
oceanengine.com,extended,Additional CN Domains,unknown,Unknown,uncategorized
pic.cn,extended,Additional CN Domains,unknown,Unknown,uncategorized
qcloudcdn.com,extended,Additional CN Domains,unknown,Unknown,uncategorized
qidian.com,extended,Additional CN Domains,unknown,Unknown,uncategorized
qihucdn.com,extended,Additional CN Domains,unknown,Unknown,uncategorized
qyer.com,extended,Additional CN Domains,unknown,Unknown,uncategorized
renren.com,extended,Additional CN Domains,unknown,Unknown,uncategorized
runoob.com,extended,Additional CN Domains,unknown,Unknown,uncategorized
segmentfault.com,extended,Additional CN Domains,unknown,Unknown,uncategorized
sm.cn,extended,Additional CN Domains,unknown,Unknown,uncategorized
sspai.com,extended,Additional CN Domains,unknown,Unknown,uncategorized
suning.cn,extended,Additional CN Domains,unknown,Unknown,uncategorized
taodocs.com,extended,Additional CN Domains,unknown,Unknown,uncategorized
tencentcs.com,extended,Additional CN Domains,unknown,Unknown,uncategorized
tianya.cn,extended,Additional CN Domains,unknown,Unknown,uncategorized
toutiaocdn.com,extended,Additional CN Domains,unknown,Unknown,uncategorized
tudou.com,extended,Additional CN Domains,unknown,Unknown,uncategorized
uc.cn,extended,Additional CN Domains,unknown,Unknown,uncategorized
weidian.com,extended,Additional CN Domains,unknown,Unknown,uncategorized
wps.cn,extended,Additional CN Domains,unknown,Unknown,uncategorized
xitongzhijia.net,extended,Additional CN Domains,unknown,Unknown,uncategorized
xpcha.com,extended,Additional CN Domains,unknown,Unknown,uncategorized
xueqiu.com,extended,Additional CN Domains,unknown,Unknown,uncategorized
xunlei.com,extended,Additional CN Domains,unknown,Unknown,uncategorized
yangshipin.cn,extended,Additional CN Domains,unknown,Unknown,uncategorized
youzan.com,extended,Additional CN Domains,unknown,Unknown,uncategorized
yuanfudao.com,extended,Additional CN Domains,unknown,Unknown,uncategorized
zjks.com,extended,Additional CN Domains,unknown,Unknown,uncategorized
zjlib.com,extended,Additional CN Domains,unknown,Unknown,uncategorized
zjol.com.cn,extended,Additional CN Domains,unknown,Unknown,uncategorized
zongheng.com,extended,Additional CN Domains,unknown,Unknown,uncategorized
zto56.com,extended,Additional CN Domains,unknown,Unknown,uncategorized
199it.com,extended,Auto-promoted 2026-03-30,unknown,Unknown,uncategorized
2113.com,extended,Auto-promoted 2026-03-30,unknown,Unknown,uncategorized
21xl.info,extended,Auto-promoted 2026-03-30,unknown,Unknown,uncategorized
28zhe.com,extended,Auto-promoted 2026-03-30,unknown,Unknown,uncategorized
51ssl.com,extended,Auto-promoted 2026-03-30,unknown,Unknown,uncategorized
86656.net,extended,Auto-promoted 2026-03-30,unknown,Unknown,uncategorized
atobo.com,extended,Auto-promoted 2026-03-30,unknown,Unknown,uncategorized
cgws.com,extended,Auto-promoted 2026-03-30,unknown,Unknown,uncategorized
cnphotos.net,extended,Auto-promoted 2026-03-30,unknown,Unknown,uncategorized
crscm.com,extended,Auto-promoted 2026-03-30,unknown,Unknown,uncategorized
datatocn.com,extended,Auto-promoted 2026-03-30,unknown,Unknown,uncategorized
dupingzu.com,extended,Auto-promoted 2026-03-30,unknown,Unknown,uncategorized
eye0777.com,extended,Auto-promoted 2026-03-30,unknown,Unknown,uncategorized
gdganhua.com,extended,Auto-promoted 2026-03-30,unknown,Unknown,uncategorized
gljyrj.com,extended,Auto-promoted 2026-03-30,unknown,Unknown,uncategorized
gucunpark.net,extended,Auto-promoted 2026-03-30,unknown,Unknown,uncategorized
hhzm88.com,extended,Auto-promoted 2026-03-30,unknown,Unknown,uncategorized
hrbbleasing.com,extended,Auto-promoted 2026-03-30,unknown,Unknown,uncategorized
hust-laser.com,extended,Auto-promoted 2026-03-30,unknown,Unknown,uncategorized
itredu.com,extended,Auto-promoted 2026-03-30,unknown,Unknown,uncategorized
kaniuquan.com,extended,Auto-promoted 2026-03-30,unknown,Unknown,uncategorized
m1world.com,extended,Auto-promoted 2026-03-30,unknown,Unknown,uncategorized
manogk.com,extended,Auto-promoted 2026-03-30,unknown,Unknown,uncategorized
meet99.com,extended,Auto-promoted 2026-03-30,unknown,Unknown,uncategorized
mysmth.net,extended,Auto-promoted 2026-03-30,unknown,Unknown,uncategorized
nutstore.net,extended,Auto-promoted 2026-03-30,unknown,Unknown,uncategorized
pgyy.com,extended,Auto-promoted 2026-03-30,unknown,Unknown,uncategorized
qitian-tech.com,extended,Auto-promoted 2026-03-30,unknown,Unknown,uncategorized
sd-sma.com,extended,Auto-promoted 2026-03-30,unknown,Unknown,uncategorized
shdmic.com,extended,Auto-promoted 2026-03-30,unknown,Unknown,uncategorized
showgame.com,extended,Auto-promoted 2026-03-30,unknown,Unknown,uncategorized
shyyy.com,extended,Auto-promoted 2026-03-30,unknown,Unknown,uncategorized
sms9.net,extended,Auto-promoted 2026-03-30,unknown,Unknown,uncategorized
taikangzhijia.com,extended,Auto-promoted 2026-03-30,unknown,Unknown,uncategorized
topcj.com,extended,Auto-promoted 2026-03-30,unknown,Unknown,uncategorized
tuzi123.com,extended,Auto-promoted 2026-03-30,unknown,Unknown,uncategorized
waltzsy.com,extended,Auto-promoted 2026-03-30,unknown,Unknown,uncategorized
ysosuo.com,extended,Auto-promoted 2026-03-30,unknown,Unknown,uncategorized
yunerba.com,extended,Auto-promoted 2026-03-30,unknown,Unknown,uncategorized
zgshq.com,extended,Auto-promoted 2026-03-30,unknown,Unknown,uncategorized
zuihuimai.com,extended,Auto-promoted 2026-03-30,unknown,Unknown,uncategorized
zxjy.net,extended,Auto-promoted 2026-03-30,unknown,Unknown,uncategorized
0536qz.com,extended,Auto-promoted 2026-04-09,unknown,Unknown,uncategorized
173zb.com,extended,Auto-promoted 2026-04-09,unknown,Unknown,uncategorized
2850.com,extended,Auto-promoted 2026-04-09,unknown,Unknown,uncategorized
3800920.com,extended,Auto-promoted 2026-04-09,unknown,Unknown,uncategorized
51tb.me,extended,Auto-promoted 2026-04-09,unknown,Unknown,uncategorized
51tjhr.com,extended,Auto-promoted 2026-04-09,unknown,Unknown,uncategorized
51xuediannao.com,extended,Auto-promoted 2026-04-09,unknown,Unknown,uncategorized
7-wx.com,extended,Auto-promoted 2026-04-09,unknown,Unknown,uncategorized
910app.com,extended,Auto-promoted 2026-04-09,unknown,Unknown,uncategorized
92dpw.com,extended,Auto-promoted 2026-04-09,unknown,Unknown,uncategorized
airj.website,extended,Auto-promoted 2026-04-09,unknown,Unknown,uncategorized
analysysdata.com,extended,Auto-promoted 2026-04-09,unknown,Unknown,uncategorized
artfinace.com,extended,Auto-promoted 2026-04-09,unknown,Unknown,uncategorized
baiyewang.com,extended,Auto-promoted 2026-04-09,unknown,Unknown,uncategorized
bjgk.com,extended,Auto-promoted 2026-04-09,unknown,Unknown,uncategorized
bjsasc.com,extended,Auto-promoted 2026-04-09,unknown,Unknown,uncategorized
bjsdr.org,extended,Auto-promoted 2026-04-09,unknown,Unknown,uncategorized
bstchemical.com,extended,Auto-promoted 2026-04-09,unknown,Unknown,uncategorized
caiyunai.com,extended,Auto-promoted 2026-04-09,unknown,Unknown,uncategorized
camhen.com,extended,Auto-promoted 2026-04-09,unknown,Unknown,uncategorized
cckyedu.com,extended,Auto-promoted 2026-04-09,unknown,Unknown,uncategorized
chemwells.com,extended,Auto-promoted 2026-04-09,unknown,Unknown,uncategorized
chinadance.com,extended,Auto-promoted 2026-04-09,unknown,Unknown,uncategorized
chinagoods.com,extended,Auto-promoted 2026-04-09,unknown,Unknown,uncategorized
cnbmtech.com,extended,Auto-promoted 2026-04-09,unknown,Unknown,uncategorized
cnbsm.com,extended,Auto-promoted 2026-04-09,unknown,Unknown,uncategorized
cngyff.com,extended,Auto-promoted 2026-04-09,unknown,Unknown,uncategorized
cnpenjing.com,extended,Auto-promoted 2026-04-09,unknown,Unknown,uncategorized
cnxyk.com,extended,Auto-promoted 2026-04-09,unknown,Unknown,uncategorized
cocoon-data.com,extended,Auto-promoted 2026-04-09,unknown,Unknown,uncategorized
cqdpt.com,extended,Auto-promoted 2026-04-09,unknown,Unknown,uncategorized
cqguangren.com,extended,Auto-promoted 2026-04-09,unknown,Unknown,uncategorized
cqxdnzyy.com,extended,Auto-promoted 2026-04-09,unknown,Unknown,uncategorized
ctvpost.com,extended,Auto-promoted 2026-04-09,unknown,Unknown,uncategorized
daohu123.com,extended,Auto-promoted 2026-04-09,unknown,Unknown,uncategorized
dehuaca.com,extended,Auto-promoted 2026-04-09,unknown,Unknown,uncategorized
dekeego.com,extended,Auto-promoted 2026-04-09,unknown,Unknown,uncategorized
dobunkan.com,extended,Auto-promoted 2026-04-09,unknown,Unknown,uncategorized
easipass.com,extended,Auto-promoted 2026-04-09,unknown,Unknown,uncategorized
echangye.com,extended,Auto-promoted 2026-04-09,unknown,Unknown,uncategorized
eeioe.com,extended,Auto-promoted 2026-04-09,unknown,Unknown,uncategorized
ehowbuy.com,extended,Auto-promoted 2026-04-09,unknown,Unknown,uncategorized
emea.cdnetworks.com,extended,Auto-promoted 2026-04-09,unknown,Unknown,uncategorized
enerpat.net,extended,Auto-promoted 2026-04-09,unknown,Unknown,uncategorized
ewang.com,extended,Auto-promoted 2026-04-09,unknown,Unknown,uncategorized
fenfen.com,extended,Auto-promoted 2026-04-09,unknown,Unknown,uncategorized
ginfon.com,extended,Auto-promoted 2026-04-09,unknown,Unknown,uncategorized
gkzqxc.com,extended,Auto-promoted 2026-04-09,unknown,Unknown,uncategorized
gllue.me,extended,Auto-promoted 2026-04-09,unknown,Unknown,uncategorized
glyltl.com,extended,Auto-promoted 2026-04-09,unknown,Unknown,uncategorized
gszhaopin.com,extended,Auto-promoted 2026-04-09,unknown,Unknown,uncategorized
gzlzfm.com,extended,Auto-promoted 2026-04-09,unknown,Unknown,uncategorized
h5king.com,extended,Auto-promoted 2026-04-09,unknown,Unknown,uncategorized
haoyishu.com,extended,Auto-promoted 2026-04-09,unknown,Unknown,uncategorized
hoosho.com,extended,Auto-promoted 2026-04-09,unknown,Unknown,uncategorized
icbc-us.com,extended,Auto-promoted 2026-04-09,unknown,Unknown,uncategorized
iliangcang.com,extended,Auto-promoted 2026-04-09,unknown,Unknown,uncategorized
itailai.com,extended,Auto-promoted 2026-04-09,unknown,Unknown,uncategorized
iviewui.com,extended,Auto-promoted 2026-04-09,unknown,Unknown,uncategorized
jcwiki.net,extended,Auto-promoted 2026-04-09,unknown,Unknown,uncategorized
jiegon.com,extended,Auto-promoted 2026-04-09,unknown,Unknown,uncategorized
jszlgjg.com,extended,Auto-promoted 2026-04-09,unknown,Unknown,uncategorized
julifenti.com,extended,Auto-promoted 2026-04-09,unknown,Unknown,uncategorized
jwwey.com,extended,Auto-promoted 2026-04-09,unknown,Unknown,uncategorized
kuaizupu.com,extended,Auto-promoted 2026-04-09,unknown,Unknown,uncategorized
le-wan.com,extended,Auto-promoted 2026-04-09,unknown,Unknown,uncategorized
lhxhwl.com,extended,Auto-promoted 2026-04-09,unknown,Unknown,uncategorized
lzskqyy.com,extended,Auto-promoted 2026-04-09,unknown,Unknown,uncategorized
maihaoche.com,extended,Auto-promoted 2026-04-09,unknown,Unknown,uncategorized
mohuishou.com,extended,Auto-promoted 2026-04-09,unknown,Unknown,uncategorized
mstatik.com,extended,Auto-promoted 2026-04-09,unknown,Unknown,uncategorized
mxnzp.com,extended,Auto-promoted 2026-04-09,unknown,Unknown,uncategorized
nocobase.com,extended,Auto-promoted 2026-04-09,unknown,Unknown,uncategorized
npp-battery.com,extended,Auto-promoted 2026-04-09,unknown,Unknown,uncategorized
originalkindergarten.com,extended,Auto-promoted 2026-04-09,unknown,Unknown,uncategorized
png.pub,extended,Auto-promoted 2026-04-09,unknown,Unknown,uncategorized
qqkkb.com,extended,Auto-promoted 2026-04-09,unknown,Unknown,uncategorized
redoufu.com,extended,Auto-promoted 2026-04-09,unknown,Unknown,uncategorized
rtxplugins.com,extended,Auto-promoted 2026-04-09,unknown,Unknown,uncategorized
scwqxh.com,extended,Auto-promoted 2026-04-09,unknown,Unknown,uncategorized
scyyxh.com,extended,Auto-promoted 2026-04-09,unknown,Unknown,uncategorized
sfkj.vip,extended,Auto-promoted 2026-04-09,unknown,Unknown,uncategorized
shsipo.com,extended,Auto-promoted 2026-04-09,unknown,Unknown,uncategorized
sinoaquafilter.com,extended,Auto-promoted 2026-04-09,unknown,Unknown,uncategorized
sjhoffice.com,extended,Auto-promoted 2026-04-09,unknown,Unknown,uncategorized
sjqcj.com,extended,Auto-promoted 2026-04-09,unknown,Unknown,uncategorized
songcwh.com,extended,Auto-promoted 2026-04-09,unknown,Unknown,uncategorized
spdl.com,extended,Auto-promoted 2026-04-09,unknown,Unknown,uncategorized
suzhouleasing.com,extended,Auto-promoted 2026-04-09,unknown,Unknown,uncategorized
szpengfa.net,extended,Auto-promoted 2026-04-09,unknown,Unknown,uncategorized
taosaas.com,extended,Auto-promoted 2026-04-09,unknown,Unknown,uncategorized
tj9.co,extended,Auto-promoted 2026-04-09,unknown,Unknown,uncategorized
tmxxw.com,extended,Auto-promoted 2026-04-09,unknown,Unknown,uncategorized
toodudu.com,extended,Auto-promoted 2026-04-09,unknown,Unknown,uncategorized
tsk-fixture.com,extended,Auto-promoted 2026-04-09,unknown,Unknown,uncategorized
uril6.com,extended,Auto-promoted 2026-04-09,unknown,Unknown,uncategorized
uschinagreenfund.com,extended,Auto-promoted 2026-04-09,unknown,Unknown,uncategorized
wan73.com,extended,Auto-promoted 2026-04-09,unknown,Unknown,uncategorized
whhtyl.com,extended,Auto-promoted 2026-04-09,unknown,Unknown,uncategorized
workpcb.com,extended,Auto-promoted 2026-04-09,unknown,Unknown,uncategorized
wxhlhg.com,extended,Auto-promoted 2026-04-09,unknown,Unknown,uncategorized
xdrig.com,extended,Auto-promoted 2026-04-09,unknown,Unknown,uncategorized
xglopto.com,extended,Auto-promoted 2026-04-09,unknown,Unknown,uncategorized
xinss.com,extended,Auto-promoted 2026-04-09,unknown,Unknown,uncategorized
xt-gas.com,extended,Auto-promoted 2026-04-09,unknown,Unknown,uncategorized
xuanhaikuwan.com,extended,Auto-promoted 2026-04-09,unknown,Unknown,uncategorized
xxyw.com,extended,Auto-promoted 2026-04-09,unknown,Unknown,uncategorized
yahuayunshu.com,extended,Auto-promoted 2026-04-09,unknown,Unknown,uncategorized
ye3.com,extended,Auto-promoted 2026-04-09,unknown,Unknown,uncategorized
ymbaidu.com,extended,Auto-promoted 2026-04-09,unknown,Unknown,uncategorized
ynhr.com,extended,Auto-promoted 2026-04-09,unknown,Unknown,uncategorized
yocajr.com,extended,Auto-promoted 2026-04-09,unknown,Unknown,uncategorized
youjiao.com,extended,Auto-promoted 2026-04-09,unknown,Unknown,uncategorized
youqudao.com,extended,Auto-promoted 2026-04-09,unknown,Unknown,uncategorized
yuandi.com,extended,Auto-promoted 2026-04-09,unknown,Unknown,uncategorized
yxfwai.com,extended,Auto-promoted 2026-04-09,unknown,Unknown,uncategorized
zgmcxw.com,extended,Auto-promoted 2026-04-09,unknown,Unknown,uncategorized
zhaokaifeng.com,extended,Auto-promoted 2026-04-09,unknown,Unknown,uncategorized
zhbx.net,extended,Auto-promoted 2026-04-09,unknown,Unknown,uncategorized
zhengxiaoling.com,extended,Auto-promoted 2026-04-09,unknown,Unknown,uncategorized
zhonghuilv.com,extended,Auto-promoted 2026-04-09,unknown,Unknown,uncategorized
zhx2008.com,extended,Auto-promoted 2026-04-09,unknown,Unknown,uncategorized
